2024-08-30,14:52:30,32.8,32.3,33.5,32.3,31.3,28.9,60,32.44,46.8
2024-08-30,14:52:32,32.4,31.8,32.8,31.8,30.8,28.2,53,31.92,48.2
2024-08-30,14:53:13,nan,31.8,32.8,31.8,30.8,28,52,31.8,47.75
2024-08-30,14:54:20,32.3,31.8,32.8,31.8,30.8,28,52,31.9,48.4
2024-08-30,14:54:27,32.1,31.3,32.8,31.3,30.2,28,52,31.54,48
2024-08-30,14:54:29,32.1,31.3,32.8,31.3,30.7,28,52,31.64,48
2024-08-30,14:54:35,32.1,31.3,32.8,31.3,30.8,28,52,31.66,48
2024-08-30,14:54:40,32.1,31.3,32.8,31.3,30.8,28,52,31.66,47.8
2024-08-30,14:54:45,32.1,31.3,32.8,31.3,30.8,28,52,31.66,47.8
2024-08-30,14:54:50,32.1,31.3,32.8,31.3,30.8,28,52,31.66,48
2024-08-30,14:54:56,32.1,31.3,32.8,31.3,30.8,28,52,31.66,48
2024-08-30,15:01:08,32.2,31.8,32.8,31.8,30.8,28.5,58,31.88,48.4
2024-08-30,15:01:13,32.3,31.8,32.8,31.8,31.2,28.5,57,31.98,48.4
2024-08-30,15:01:19,32.3,31.8,32.8,31.8,31.2,28.6,57,31.98,48.6
2024-08-30,15:01:24,32.3,31.8,32.8,31.8,30.9,28.7,56,31.92,48.4
2024-08-30,15:01:29,32.2,31.8,32.8,31.8,30.8,28.7,56,31.88,48.2
2024-08-30,15:01:34,32.2,31.8,32.8,31.8,30.8,28.9,56,31.88,48
2024-08-30,15:01:40,32.1,31.8,32.8,31.8,30.8,28.9,56,31.86,48
2024-08-30,15:01:45,32.1,31.8,32.8,31.8,30.8,28.9,57,31.86,48.2
2024-08-30,15:01:50,32.1,31.8,32.8,31.8,30.8,28.9,56,31.86,48.2
2024-08-30,15:01:55,32,31.8,32.8,31.8,30.8,28.9,56,31.84,48.2
2024-08-30,15:02:07,nan,31.8,32.8,31.8,30.8,28.5,54,31.8,48
2024-08-30,15:02:12,32.1,31.8,32.8,31.8,30.8,28.9,54,31.86,48.2
2024-08-30,15:02:17,32.1,31.8,32.8,31.8,30.8,28.8,54,31.86,48.4
2024-08-30,15:02:22,32.1,31.8,32.8,31.8,30.8,28.5,54,31.86,48.4
2024-08-30,15:02:28,32.1,31.8,32.8,31.8,30.8,28.5,54,31.86,48.4
2024-08-30,15:02:33,32.1,31.8,32.8,31.8,30.8,28.5,54,31.86,48.4
2024-08-30,15:02:38,32.1,31.8,32.8,31.8,30.8,28.5,54,31.86,48.4
2024-08-30,15:02:43,32.1,31.8,32.8,31.8,30.8,28.5,54,31.86,48.4
2024-08-30,15:02:49,32.1,31.8,32.8,31.8,31.3,28.5,54,31.96,48.6
2024-08-30,15:02:54,32.1,31.8,32.8,31.8,31.3,28.5,54,31.96,48.6
2024-08-30,15:02:59,32,31.8,32.8,31.8,31.3,28.5,55,31.94,48.6
2024-08-30,15:03:06,32,32.3,32.8,31.8,31.3,28.5,55,32.04,48.6
2024-08-30,15:03:09,32.1,32.3,32.8,31.8,31.3,28.5,55,32.06,49
2024-08-30,15:03:22,nan,32.3,32.8,32.3,31.3,28.5,56,32.18,48.5
2024-08-30,15:08:23,32.2,34.7,33.3,32.3,34.2,28.5,56,33.34,47.2
2024-08-30,15:13:23,32.8,35.2,36.3,36.3,34.7,28,53,35.06,44.6
2024-08-30,15:18:24,32.6,35.2,36.3,36.9,34.7,28.5,54,35.14,44.8
2024-08-30,15:23:24,34.7,33.8,35.6,36.3,34.7,28.9,61,35.02,46.6
2024-08-30,15:28:25,33.6,33.8,34.2,34.7,33.8,29.3,65,34.02,48.8
2024-08-30,15:33:25,32.6,32.3,33.3,33.3,32.8,29.3,62,32.86,52.2
2024-08-30,15:38:26,32.4,32.3,32.8,32.8,32.3,29.3,68,32.52,54.2
2024-08-30,15:43:27,32.3,32.3,32.8,32.8,32.3,29.3,65,32.5,54.6
2024-08-30,15:48:27,33,32.8,33.8,33.8,32.8,29.3,67,33.24,53.4
2024-08-30,15:53:28,33.5,33.3,34.2,34.2,33.3,29.8,68,33.7,52.4
2024-08-30,15:58:28,33.9,33.8,34.7,34.7,33.8,29.8,67,34.18,52.2
2024-08-30,16:03:29,33.3,33.3,33.8,34.2,33.3,29.8,68,33.58,53.4
2024-08-30,16:08:29,32.4,32.3,32.8,32.8,32.3,29.8,70,32.52,57.2
2024-08-30,16:13:30,31.7,31.3,31.8,31.8,31.3,29.8,70,31.58,60.4
2024-08-30,16:18:30,31.2,30.8,31.3,31.3,31.3,29.3,71,31.18,61.2
2024-08-30,16:23:31,30.9,30.2,31.3,30.8,30.8,29.3,70,30.8,63.2
2024-08-30,16:28:31,30.5,29.8,30.8,30.8,30.2,29.3,72,30.42,64.6
2024-08-30,16:33:32,30.2,29.8,30.2,30.2,29.8,29.3,71,30.04,66
2024-08-30,16:38:32,30,29.8,29.8,29.8,29.8,29.3,72,29.84,66.6
2024-08-30,16:43:33,29.7,29.3,29.8,29.8,29.8,29.3,72,29.68,67.4
2024-08-30,16:48:33,29.5,29.3,29.3,29.3,29.3,29.3,72,29.34,68
2024-08-30,16:53:34,29.4,29.3,29.3,29.3,29.3,28.9,71,29.32,68
2024-08-30,16:58:35,29.4,29.3,29.3,29.3,29.3,28.9,71,29.32,68
2024-08-30,17:03:35,29.3,28.9,29.3,28.9,29.3,28.9,71,29.14,68.8
2024-08-30,17:08:36,29.2,28.9,28.9,28.9,28.9,28.9,71,28.96,68.8
2024-08-30,17:13:36,29.1,28.9,28.9,28.9,28.9,28.9,71,28.94,69
2024-08-30,17:18:37,29,28.5,28.9,28.9,28.9,28.9,71,28.84,69.6
2024-08-30,17:23:37,29,28.5,28.9,28.5,28.9,28.6,71,28.76,69.8
2024-08-30,17:28:38,28.8,28.5,28.5,28.5,28.5,28.5,71,28.56,70
2024-08-30,17:33:38,28.6,28.5,28.5,28,28.5,28.5,71,28.42,70.6
2024-08-30,17:38:39,28.5,28,28,28,28.5,28.5,71,28.2,71
2024-08-30,17:43:39,28.2,28,28,27.6,28,28,71,27.96,71.4
2024-08-30,17:48:40,28.1,27.6,27.6,27.6,28,28,71,27.78,72.6
2024-08-30,17:53:40,28,27.6,27.6,27.6,28,28,71,27.76,72.6
2024-08-30,17:58:41,27.9,27.6,27.6,27.1,27.6,28,71,27.56,73.2
2024-08-30,18:03:41,27.7,27.1,27.1,27.1,27.6,28,72,27.32,73.2
2024-08-30,18:08:42,27.5,27.1,26.7,26.7,27.6,27.6,73,27.12,73.6
2024-08-30,18:13:43,27.3,27.1,26.7,26.7,27.1,27.6,73,26.98,74
2024-08-30,18:18:43,27.1,26.7,26.2,26.2,27.1,27.6,73,26.66,74.4
2024-08-30,18:23:44,26.9,26.7,26.2,26.2,26.7,27.1,73,26.54,74.4
2024-08-30,18:28:44,26.7,26.2,25.8,25.8,26.7,27.1,72,26.24,75.4
2024-08-30,18:33:45,26.7,26.2,25.8,25.8,26.7,27.1,72,26.24,75.4
2024-08-30,18:38:45,26.6,26.2,25.8,25.8,26.7,26.8,72,26.22,75.4
2024-08-30,18:43:46,26.4,26.2,25.8,25.8,26.2,26.7,72,26.08,75.8
2024-08-30,18:48:46,26.3,25.8,25.3,25.3,26.2,26.7,72,25.78,76.2
2024-08-30,18:53:47,26.2,25.8,25.3,25.3,26.2,26.7,71,25.76,76.4
2024-08-30,18:58:47,26.1,25.3,24.8,25.3,25.8,26.2,73,25.46,76.6
2024-08-30,19:03:48,26,24.9,24.8,24.8,25.8,26.2,73,25.26,76.6
2024-08-30,19:08:48,25.9,24.8,24.5,24.8,25.8,25.8,75,25.16,77.2
2024-08-30,19:13:49,25.9,24.8,24.5,24.8,25.3,25.8,74,25.06,77.8
2024-08-30,19:18:49,25.8,24.8,24.5,24.8,25.3,25.8,75,25.04,77.4
2024-08-30,19:23:50,25.7,24.8,24.5,24.6,25.3,25.8,75,24.98,77.6
2024-08-30,19:28:50,25.6,24.8,24.5,24.5,25.3,25.8,74,24.94,77.8
2024-08-30,19:33:51,25.6,24.5,24.1,24.5,25.3,25.8,74,24.8,77.6
2024-08-30,19:38:51,25.3,24.5,24.1,24.1,24.8,25.3,73,24.56,77.6
2024-08-30,19:43:52,25.1,24.1,23.8,24.1,24.5,25.3,74,24.32,77.8
2024-08-30,19:48:52,24.9,24.1,23.8,23.8,24.5,24.9,75,24.22,78.4
2024-08-30,19:53:53,24.8,24.1,23.4,23.8,24.5,24.8,75,24.12,78.4
2024-08-30,19:58:54,24.8,24.1,23.4,23.8,24.5,24.8,75,24.12,78.4
2024-08-30,19:59:37,nan,24.1,23.4,23.8,24.5,24.5,72,23.95,77.75
2024-08-30,20:00:14,nan,24.1,23.4,23.8,24.5,24.5,72,23.95,77.75
2024-08-30,20:05:14,24.8,24.1,23.4,23.8,24.5,24.5,72,24.12,78.8
2024-08-30,20:10:15,24.5,23.8,23,23.4,24.1,24.1,71,23.76,76.6
2024-08-30,20:15:15,24.1,23.4,22.6,23,23.8,23.8,70,23.38,76.6
2024-08-30,20:20:16,23.7,23,22.2,22.6,23.4,24.1,72,22.98,76.4
2024-08-30,20:25:16,23.3,22.6,21.4,22.2,23,23,73,22.5,76.4
2024-08-30,20:30:17,22.8,22.2,21.4,21.8,22.6,23,74,22.16,76.2
2024-08-30,20:35:18,22.6,22.2,21,21.4,22.6,22.6,74,21.96,76.2
2024-08-30,20:40:18,22.4,21.8,20.6,21,22.2,22.6,75,21.6,76.2
2024-08-30,20:45:19,22.3,21.8,20.6,21,22.2,22.6,73,21.58,76.6
2024-08-30,20:50:19,22.3,21.8,20.6,21,22.2,22.6,74,21.58,76.6
2024-08-30,20:55:20,22.2,21.4,20.6,21,22.2,22.7,74,21.48,76.6
2024-08-30,21:00:20,22.3,21.8,20.6,21,22.2,23,75,21.58,77
2024-08-30,21:05:21,22.3,21.4,20.6,21,22.2,22.6,75,21.5,77.4
2024-08-30,21:10:21,22.4,21.4,20.6,21,22.2,22.6,75,21.52,78.2
2024-08-30,21:15:22,22.4,21.4,20.6,21,22.2,22.6,76,21.52,79.2
2024-08-30,21:20:22,22.4,21.4,20.6,21,22.2,22.6,77,21.52,79.8
2024-08-30,21:25:23,22.4,21.8,20.6,21,22.2,22.6,77,21.6,80.4
2024-08-30,21:30:23,22.2,21.8,20.6,21,22.2,22.6,77,21.56,80.8
2024-08-30,21:35:24,22.3,21.4,20.6,21,22.2,22.6,77,21.5,81
2024-08-30,21:40:24,22.2,21.8,20.2,20.6,22.2,22.6,77,21.4,81.2
2024-08-30,21:45:25,22.1,21.5,20.2,20.6,21.9,22.2,77,21.26,81.4
2024-08-30,21:50:25,22.2,21.4,20.2,20.6,21.8,22.2,77,21.24,81.4
2024-08-30,21:55:26,22.1,21.4,20.2,20.6,21.8,22.2,77,21.22,81.6
2024-08-30,22:00:26,22,21.4,20.2,20.6,21.8,21.9,77,21.2,81.6
2024-08-30,22:05:27,21.8,21.4,20.2,20.6,21.8,21.8,77,21.16,81.4
2024-08-30,22:10:27,21.9,21.4,20.2,20.3,21.8,21.8,77,21.12,82
2024-08-30,22:15:28,21.9,21,19.9,20.2,21.8,21.8,78,20.96,82.2
2024-08-30,22:20:28,21.8,21.4,19.8,20.2,21.5,21.8,78,20.94,82.2
2024-08-30,22:25:29,21.8,21,19.8,20.2,21.4,21.8,78,20.84,82.6
2024-08-30,22:30:29,21.7,21,19.8,20.2,21.4,21.4,79,20.82,82.6
2024-08-30,22:35:30,21.7,21,19.8,20.2,21.4,21.4,79,20.82,82.8
2024-08-30,22:40:30,21.7,21,19.8,20.2,21.4,21.4,79,20.82,82.8
2024-08-30,22:45:31,21.6,21,19.8,20.2,21.4,21.4,79,20.8,83
2024-08-30,22:50:31,21.6,21,19.8,20.2,21.4,21.4,79,20.8,83
2024-08-30,22:55:32,21.6,21,19.8,20.2,21.4,21.4,79,20.8,83.2
2024-08-30,23:00:32,21.6,21,19.8,19.8,21.4,21.4,80,20.72,83.2
2024-08-30,23:05:33,21.5,21,19.4,19.8,21.4,21,80,20.62,83.6
2024-08-30,23:10:33,21.4,21,19.4,19.8,21,21,80,20.52,83.6
2024-08-30,23:15:34,21.4,20.6,19.4,19.8,21,21,80,20.44,84
2024-08-30,23:20:34,21.3,20.6,19.4,19.8,21,21,80,20.42,83.8
2024-08-30,23:25:35,21.3,20.6,19.4,19.8,21,21,80,20.42,84
2024-08-30,23:30:35,21.3,20.6,19.4,19.8,21,21,80,20.42,84.2
2024-08-30,23:35:36,21.2,20.6,19.4,19.8,21,21,81,20.4,84.4
2024-08-30,23:40:36,21.1,20.6,19.4,19.8,21,21,81,20.38,84.6
2024-08-30,23:45:37,21.2,20.6,19.4,19.4,21,20.6,82,20.32,84.6
2024-08-30,23:50:37,21.2,20.6,19.2,19.4,21,20.6,82,20.28,84.6
2024-08-30,23:55:38,21.1,20.6,19,19.4,21,20.6,82,20.22,84.6
2024-08-31,00:00:38,21.1,20.6,19,19.4,20.9,20.6,82,20.2,85
2024-08-31,00:05:39,21.1,20.2,19,19.4,20.6,20.6,82,20.06,85
2024-08-31,00:10:39,21,20.2,19,19.4,20.6,20.6,82,20.04,85
2024-08-31,00:15:40,21,20.2,19,19.4,20.6,20.6,82,20.04,85
2024-08-31,00:20:40,20.9,20.2,19,19.4,20.6,20.6,82,20.02,85.2
2024-08-31,00:25:41,20.9,20.2,19,19,20.6,20.6,82,19.94,85.4
2024-08-31,00:30:41,20.9,20.2,19,19,20.6,20.2,82,19.94,85.4
2024-08-31,00:35:42,20.8,20.2,18.7,19,20.6,20.2,82,19.86,85.4
2024-08-31,00:40:42,20.7,20.2,19,19,20.6,20.2,82,19.9,85.8
2024-08-31,00:45:43,20.9,20.2,19,19,20.6,20.2,82,19.94,85.6
2024-08-31,00:50:43,20.8,20.2,18.6,19,20.6,20.2,82,19.84,85.6
2024-08-31,00:55:44,20.7,20.2,18.6,19,20.6,20.2,82,19.82,86
2024-08-31,01:00:44,20.6,20.2,18.6,19,20.6,20.2,82,19.8,86.2
2024-08-31,01:05:45,20.7,20.2,18.6,19,20.6,20.2,82,19.82,86
2024-08-31,01:10:45,20.6,20.2,18.6,19,20.2,20.2,82,19.72,86
2024-08-31,01:15:46,20.6,19.8,18.6,19,20.2,19.8,83,19.64,86.2
2024-08-31,01:20:46,20.6,19.8,18.6,18.6,20.2,19.8,82,19.56,86.2
2024-08-31,01:25:47,20.5,19.8,18.6,18.6,20.2,19.8,83,19.54,86.2
2024-08-31,01:30:47,20.4,19.8,18.6,18.6,20.2,19.8,83,19.52,86.2
2024-08-31,01:35:48,20.4,19.8,18.5,18.6,20.2,19.8,83,19.5,86
2024-08-31,01:40:48,20.4,19.8,18.2,18.6,20.2,19.8,82,19.44,86.2
2024-08-31,01:45:49,20.3,19.8,18.2,18.6,20.2,19.4,83,19.42,86
2024-08-31,01:50:49,20.3,19.8,18.2,18.6,19.8,19.4,83,19.34,86.2
2024-08-31,01:55:50,20.1,19.8,18.2,18.2,19.8,19.4,83,19.22,86.2
2024-08-31,02:00:50,20.2,19.8,18.2,18.2,19.8,19.4,83,19.24,86.2
2024-08-31,02:05:51,20.2,19.8,18.2,18.2,19.8,19.4,83,19.24,86.2
2024-08-31,02:10:51,20.2,19.8,18.2,18.3,19.8,19.4,83,19.26,86.4
2024-08-31,02:15:52,20.3,19.8,18.2,18.3,19.8,19.4,84,19.28,86.4
2024-08-31,02:20:52,20.3,19.4,18.2,18.2,19.8,19.4,84,19.18,86.4
2024-08-31,02:25:53,20.3,19.8,18.2,18.2,19.8,19.4,84,19.26,86.4
2024-08-31,02:30:53,20.2,19.8,18.2,18.2,19.8,19.4,85,19.24,86.8
2024-08-31,02:35:54,20.3,19.8,18.2,18.2,19.8,19.4,84,19.26,86.8
2024-08-31,02:40:54,20.3,19.8,18.2,18.6,19.8,19.4,85,19.34,86.8
2024-08-31,02:45:55,20.4,19.8,18.2,18.6,20,19.4,84,19.4,87.2
2024-08-31,02:50:55,20.4,19.8,18.2,18.6,20.2,19.4,85,19.44,87.2
2024-08-31,02:55:56,20.4,19.8,18.2,18.6,20.2,19.4,85,19.44,87.2
2024-08-31,03:00:56,20.4,19.8,18.2,18.6,20.2,19.4,85,19.44,87.2
2024-08-31,03:05:57,20.3,19.8,18.2,18.6,20.2,19.4,85,19.42,87.6
2024-08-31,03:10:57,20.3,19.8,18.2,18.6,20,19.4,85,19.38,88.2
2024-08-31,03:15:58,20.3,19.8,18.2,18.3,19.8,19.4,85,19.28,88.4
2024-08-31,03:20:58,20.3,19.8,18.2,18.2,19.8,19.4,86,19.26,88.4
2024-08-31,03:25:59,20.3,19.6,18.2,18.2,19.8,19.4,86,19.22,88.6
2024-08-31,03:30:59,20.1,19.4,18.2,18.2,19.8,19.4,86,19.14,88.6
2024-08-31,03:36:00,20.2,19.4,18.2,18.2,19.8,19.4,86,19.16,88.6
2024-08-31,03:41:00,20.2,19.4,18.2,18.2,19.8,19.4,86,19.16,88.6
2024-08-31,03:46:00,20.2,19.8,18.2,18.2,19.8,19,86,19.24,88.8
2024-08-31,03:51:01,20.2,19.4,18.2,18.2,19.8,19,86,19.16,88.6
2024-08-31,03:56:01,20.1,19.4,18.2,18.2,19.8,19,86,19.14,88.8
2024-08-31,04:01:02,20,19.4,17.8,18.2,19.8,19,86,19.04,88.6
2024-08-31,04:06:02,20,19.4,17.8,18.2,19.8,19,86,19.04,88.6
2024-08-31,04:11:03,19.9,19.4,17.8,18.1,19.8,19,86,19,88.8
2024-08-31,04:16:03,19.8,19.4,17.8,17.8,19.4,19,86,18.84,88.4
2024-08-31,04:21:04,19.9,19.4,17.8,17.8,19.4,19,86,18.86,88.4
2024-08-31,04:26:04,19.9,19.4,17.8,17.8,19.4,19,86,18.86,88.4
2024-08-31,04:31:05,19.8,19.4,17.8,17.8,19.4,19,86,18.84,88.6
2024-08-31,04:36:05,19.7,19,17.8,17.8,19.4,19,86,18.74,88.4
2024-08-31,04:41:06,19.7,19,17.4,17.8,19.4,19,86,18.66,88.4
2024-08-31,04:46:06,19.6,19,17.4,17.8,19.4,19,86,18.64,88.4
2024-08-31,04:51:07,19.5,19,17.4,17.7,19.4,18.6,86,18.6,88.4
2024-08-31,04:56:07,19.5,19,17.4,17.4,19.4,18.6,86,18.54,88.4
2024-08-31,05:01:08,19.5,19,17.4,17.4,19,18.6,86,18.46,88.4
2024-08-31,05:06:08,19.5,19,17.4,17.4,19.2,18.6,86,18.5,88.4
2024-08-31,05:11:09,19.5,19,17.4,17.4,19,18.6,86,18.46,88.4
2024-08-31,05:16:09,19.5,19,17.4,17.4,19,18.6,86,18.46,88.4
2024-08-31,05:21:10,19.5,19,17.4,17.4,19.2,18.6,86,18.5,88.4
2024-08-31,05:26:10,19.5,19,17.4,17.4,19,18.6,86,18.46,88.4
2024-08-31,05:31:11,19.5,19,17.4,17.4,19.4,18.6,86,18.54,88.4
2024-08-31,05:36:11,19.5,19,17.4,17.4,19.2,18.6,86,18.5,88.4
2024-08-31,05:41:12,19.5,19,17.4,17.4,19.4,18.6,86,18.54,88.4
2024-08-31,05:46:12,19.6,19,17.4,17.4,19.1,18.6,86,18.5,88.8
2024-08-31,05:51:13,19.5,19,17.4,17.4,19,18.6,86,18.46,88.6
2024-08-31,05:56:13,19.5,19,17.4,17.4,19,18.4,86,18.46,88.6
2024-08-31,06:01:14,19.4,18.7,17.4,17.4,19,18.2,86,18.38,88.6
2024-08-31,06:06:14,19.4,18.6,17,17.4,19,18.2,86,18.28,88.8
2024-08-31,06:11:15,19.3,18.6,17,17.4,19,18.2,86,18.26,88.6
2024-08-31,06:16:15,19.3,18.6,17,17,19,18.2,86,18.18,88.6
2024-08-31,06:21:16,19.2,18.6,17,17,19,18.2,86,18.16,88.4
2024-08-31,06:26:16,19.2,18.6,17,17,19,18.2,86,18.16,88.4
2024-08-31,06:31:17,19.2,18.6,17,17,19,18.2,86,18.16,88.4
2024-08-31,06:36:17,19.2,18.6,17,17,19,18.2,86,18.16,88.4
2024-08-31,06:41:18,19.2,18.6,17,17,19,18.2,86,18.16,88.4
2024-08-31,06:46:18,19.3,18.6,17,17,19,18.2,86,18.18,88.4
2024-08-31,06:51:19,19.4,18.6,17,17.4,19,18.2,86,18.28,88.6
2024-08-31,06:56:19,19.5,19,17.4,17.4,19,18.2,86,18.46,88.8
2024-08-31,07:01:20,19.6,19,17.4,17.4,19,18.2,86,18.48,89
2024-08-31,07:06:20,19.7,19,17.4,17.4,19.4,18.2,86,18.58,89.2
2024-08-31,07:11:21,19.8,19,17.8,17.8,19.4,18.2,86,18.76,89.2
2024-08-31,07:16:21,19.9,19.4,17.8,17.8,19.4,18.2,87,18.86,89.4
2024-08-31,07:21:22,20,19.4,17.8,17.8,19.8,18.6,86,18.96,89.4
2024-08-31,07:26:22,20.3,19.4,18.2,18.2,19.8,18.6,86,19.18,89
2024-08-31,07:31:23,20.6,19.8,18.6,18.6,20.2,18.6,86,19.56,88.4
2024-08-31,07:36:23,21,20.2,19,19,20.2,19,86,19.88,87.2
2024-08-31,07:41:24,21.3,20.6,19.4,19.4,20.6,19,86,20.26,86
2024-08-31,07:46:24,21.8,20.6,19.8,19.4,21,19.4,85,20.52,84.4
2024-08-31,07:51:25,22.3,21,20.2,19.8,21.4,19.4,84,20.94,82.8
2024-08-31,07:56:25,22.6,21.4,20.6,20.2,21.4,19.8,83,21.24,81
2024-08-31,08:01:26,22.9,21.8,21,20.6,21.8,20.2,82,21.62,79.4
2024-08-31,08:06:26,23,22.2,21.4,20.6,21.8,20.6,82,21.8,79
2024-08-31,08:11:27,23.1,22.2,21.4,21,22.2,21,80,21.98,78.4
2024-08-31,08:16:27,22.9,21.9,21.4,20.6,21.8,20.6,81,21.72,79.2
2024-08-31,08:21:28,23,22.2,21.4,21,22.2,21,79,21.96,79
2024-08-31,08:22:30,23.3,22.2,21.8,21,22.2,21.8,77,22.1,78.6
2024-08-31,08:27:31,23.4,22.6,21.8,21.4,22.2,21.8,77,22.28,78
2024-08-31,08:32:31,23.7,23,22.2,21.4,22.6,22.2,76,22.58,76.4
2024-08-31,08:37:32,23.8,23,22.2,21.8,22.6,22.2,76,22.68,76
2024-08-31,08:42:32,24,23.4,22.6,21.8,23,22.6,75,22.96,75.2
2024-08-31,08:43:58,24.3,23.4,23,22.2,23,23,74,23.18,74.8
2024-08-31,08:48:59,24.4,23.4,23,22.2,23.2,23,74,23.24,74.6
2024-08-31,08:53:59,24.2,23.4,23,22.2,23,22.6,75,23.16,75.2
2024-08-31,08:59:00,24.4,23.4,23,22.2,23.4,23,74,23.28,75.2
2024-08-31,09:02:53,24.4,23.4,23,22.2,23.4,22.6,75,23.28,75
2024-08-31,09:07:53,25,24.1,23.8,22.7,23.8,23.4,73,23.88,74.2
2024-08-31,09:12:54,25.5,24.5,24.1,23.4,24.1,23.8,73,24.32,73.4
2024-08-31,09:17:54,25.6,24.5,24.5,23.4,24.1,23.8,73,24.42,73.2
2024-08-31,09:22:55,25.8,24.8,24.8,23.8,24.5,24.1,73,24.74,72.8
2024-08-31,09:27:55,26.2,25.3,25.3,24.1,24.5,24.1,72,25.08,71.8
2024-08-31,09:32:56,26.1,24.8,24.8,24.1,24.5,24.1,73,24.86,72.2
2024-08-31,09:37:56,26.4,25.3,25.3,24.1,24.8,24.1,73,25.18,72
2024-08-31,09:42:57,26.6,25.3,25.8,24.5,24.8,24.5,73,25.4,71.4
2024-08-31,09:47:57,27,25.8,26.2,24.8,25.3,24.5,72,25.82,70.8
2024-08-31,09:52:58,27,25.8,25.8,24.8,25.3,24.5,73,25.74,70.8
2024-08-31,09:57:58,27.5,26.2,26.7,25.3,25.8,24.8,73,26.3,69.6
2024-08-31,10:02:59,27.9,27.1,27.1,26.2,26.2,25.8,72,26.9,69
2024-08-31,10:07:59,28.2,27.1,27.6,26.2,26.7,25.8,72,27.16,68
2024-08-31,10:13:00,28.5,27.6,28,26.7,26.7,25.8,72,27.5,67.4
2024-08-31,10:18:01,28.8,27.6,28.5,27.1,27.1,26.2,73,27.82,66.6
2024-08-31,10:23:01,29,28,28.5,27.1,27.1,26.2,72,27.94,66.4
2024-08-31,10:28:02,29,27.6,28.5,27.1,26.7,26.2,71,27.78,66
2024-08-31,10:33:02,29.3,28.5,28.9,27.6,27.6,26.7,72,28.38,65.8
2024-08-31,10:38:03,29.7,28.9,29.8,28,28.5,26.7,71,28.98,64.6
2024-08-31,10:43:03,30.4,29.3,29.8,29.8,28.9,27.1,72,29.64,63.8
2024-08-31,10:48:04,31.4,30.2,30.8,31.3,30.2,27.1,70,30.78,60.8
2024-08-31,10:53:04,29.8,28.5,29.3,29.8,28.5,26.2,69,29.18,64.6
2024-08-31,10:58:05,29.1,30.2,28.9,28.5,29.8,26.2,70,29.3,65.6
2024-08-31,11:03:05,31,31.3,30.8,30.8,31.3,27.1,70,31.04,61
2024-08-31,11:08:06,32.6,32.3,32.8,32.7,31.8,27.6,70,32.44,57.8
2024-08-31,11:13:06,32.9,32.3,33.3,33.3,31.8,28,70,32.72,56.8
2024-08-31,11:18:07,32.7,31.8,32.3,33.3,31.8,28,68,32.38,57.2
2024-08-31,11:23:07,32.9,32.8,32.8,33.3,32.3,28,68,32.82,57.2
2024-08-31,11:28:08,33.7,32.8,33.8,34.2,32.8,28.5,68,33.46,55.8
2024-08-31,11:33:09,34,33.3,34.2,34.7,32.8,28.5,68,33.8,54.6
2024-08-31,11:38:09,34.3,33.8,34.7,35.2,33.3,28.9,67,34.26,53.6
2024-08-31,11:43:10,34.6,33.8,34.7,35.6,33.3,28.9,66,34.4,53.4
2024-08-31,12:39:21,33.4,32.3,33.8,32.8,31.3,29.3,67,32.72,54.8
2024-08-31,12:44:21,33.3,33.3,33.8,32.8,31.3,28.9,67,32.9,56
2024-08-31,12:49:22,33.9,33.3,34.7,34.7,32.8,29.3,68,33.88,56.2
2024-08-31,12:54:22,32.5,34.7,36.9,36.3,34.7,29.8,68,35.02,52.8
2024-08-31,12:59:23,32.3,34.7,36.3,35.6,34.7,29.8,67,34.72,53.2
2024-08-31,13:04:23,32.2,35.2,36.3,36.3,34.7,29.8,68,34.94,52.8
2024-08-31,13:09:24,33.2,36.9,38,38,35.6,30.2,65,36.34,50.4
2024-08-31,13:14:24,33.8,36.9,38.5,38.5,36.3,30.2,67,36.8,49.6
2024-08-31,13:19:25,33.5,36.3,38,38.5,35.9,30.8,67,36.44,50.2
2024-08-31,13:24:26,33.5,34.7,38,38,34.7,30.8,67,35.78,51.4
2024-08-31,13:29:26,34.4,35.6,35.2,35.6,35.2,30.2,69,35.2,53
2024-08-31,13:34:27,32.5,36.3,36.9,36.9,35.6,30.2,68,35.64,51.8
2024-08-31,13:39:27,33.8,36.9,38.5,38.5,36.3,30.8,68,36.8,50.2
2024-08-31,13:44:28,34.3,36.9,39,38.5,36.3,30.8,68,37,49.4
2024-08-31,13:49:28,34.3,37.4,39,39,36.3,31.3,68,37.2,49
2024-08-31,13:54:29,34.4,37.3,39,39,36.3,30.8,67,37.2,48.4
2024-08-31,13:54:55,33.6,36.3,38,38.5,36.3,30.8,69,36.54,49.2
2024-08-31,13:59:56,33.5,36.3,38,38.5,36.3,30.8,67,36.52,49.4
2024-08-31,14:04:56,32.9,35.6,37.4,37.4,35.6,30.8,68,35.78,51.2
2024-08-31,14:09:57,35,34.7,35.6,36.5,34.7,30.8,69,35.3,52.6
2024-08-31,14:14:57,35,35.8,36.3,36.3,35.6,30.8,68,35.8,52.2
2024-08-31,14:19:58,32.8,36.3,38,37.4,35.6,31.3,68,36.02,50.4
2024-08-31,14:24:59,32.8,36.3,37.4,37.4,35.6,31.3,68,35.9,50.8
2024-08-31,14:29:59,33.1,36.7,38,38,36.3,31.3,68,36.42,50
2024-08-31,14:35:00,33.9,37.4,39,39,36.9,31.8,67,37.24,48.8
2024-08-31,14:40:00,34.3,38,39.5,39,37.4,31.8,70,37.64,47.6
2024-08-31,14:45:01,34.4,38,39.5,39.5,37.4,31.8,66,37.76,47.4
2024-08-31,14:50:01,34.6,38,39.5,40.1,37.4,32.3,67,37.92,46.8
2024-08-31,14:55:02,34.4,38,39.5,39.5,37.4,32.3,67,37.76,47.2
2024-08-31,15:00:02,34.5,38,39.5,39.5,37.4,32.3,67,37.78,47.2
2024-08-31,15:05:03,34.3,38,39.5,39.5,37.4,32.3,68,37.74,47.8
2024-08-31,15:10:03,34.3,38,39.5,39,37.4,32.3,67,37.64,48
2024-08-31,15:15:04,34.2,37.4,39,39,36.9,32.3,69,37.3,48.4
2024-08-31,15:20:05,34,37.4,39,39.1,37.4,32.3,67,37.38,48.8
2024-08-31,15:25:05,33.8,37.4,39,39,36.9,32.3,69,37.22,49
2024-08-31,15:30:06,33.6,36.9,38.5,38.5,36.9,31.9,69,36.88,49.6
2024-08-31,15:35:06,33.3,36.9,38,38.5,36.3,32.3,70,36.6,49.8
2024-08-31,15:40:07,33.6,36.9,38.5,38.5,36.9,32.3,69,36.88,49.6
2024-08-31,15:45:07,33.6,36.9,38.5,38.5,36.9,32.3,70,36.88,49.6
2024-08-31,15:50:08,33.3,36.9,38,38,36.3,32.2,70,36.5,50
2024-08-31,15:55:08,32.9,35.2,37.4,37.4,35.6,32.3,69,35.7,51.8
2024-08-31,16:00:09,34.8,35.2,36.3,36.3,35.2,31.8,70,35.56,52.8
2024-08-31,16:05:09,32.2,35.6,36.9,36.9,35.2,31.8,69,35.36,53.2
2024-08-31,16:10:10,32.4,35.6,36.9,36.9,35.2,31.8,70,35.4,53.2
2024-08-31,16:15:11,32.4,35.6,36.9,36.9,35.2,31.8,71,35.4,53.4
2024-08-31,16:20:11,34.7,34.2,36.3,35.8,34.2,31.8,70,35.04,55.4
2024-08-31,16:25:12,33.8,33.3,34.7,34.7,33.3,31.8,71,33.96,57.8
2024-08-31,16:30:12,33.2,33.3,34.2,33.8,33.3,31.3,71,33.56,59.4
2024-08-31,16:35:13,33.4,33.3,34.2,34.2,33.3,31.3,70,33.68,59.2
2024-08-31,16:40:13,33.2,33.3,34.2,33.8,33.3,30.8,70,33.56,58.8
2024-08-31,16:45:14,33.3,33.8,34.2,34.2,33.8,30.8,69,33.86,58.6
2024-08-31,16:50:14,33.4,33.8,34.2,34.2,33.8,30.8,71,33.88,58.4
2024-08-31,16:55:15,33,32.8,34.2,33.8,32.8,30.8,69,33.32,58.8
2024-08-31,17:00:15,32.8,33.3,33.8,33.3,33.3,30.8,69,33.3,58.6
2024-08-31,17:05:16,32.9,33.3,33.8,33.8,33.3,30.8,68,33.42,58.4
2024-08-31,17:10:17,33.3,33.8,34.2,33.8,33.8,30.8,68,33.78,57.4
2024-08-31,17:15:17,33.4,33.8,34.7,34.2,33.8,30.8,69,33.98,57
2024-08-31,17:20:18,33.3,33.8,34.2,34.2,33.8,30.8,68,33.86,57.4
2024-08-31,17:25:18,33.3,33.3,34.2,34.2,33.3,30.8,69,33.66,57.2
2024-08-31,17:30:19,32.8,32.8,33.8,33.3,32.8,30.8,68,33.1,59
2024-08-31,17:35:19,32.8,32.8,33.3,33.3,32.8,30.8,71,33,59.4
2024-08-31,17:40:20,32.8,32.8,33.3,33.3,32.8,30.2,68,33,59.4
2024-08-31,17:45:20,32.5,32.3,33.3,33.3,32.4,30.2,68,32.76,59.8
2024-08-31,17:50:21,32.4,32.3,33.3,32.8,32.3,30.2,69,32.62,60.4
2024-08-31,17:55:21,32.2,32.3,32.8,32.8,32.3,30.2,69,32.48,60.8
2024-08-31,18:00:22,31.9,31.8,32.3,32.3,31.8,30.2,71,32.02,61.6
2024-08-31,18:05:23,31.6,31.3,32.3,31.8,31.8,29.8,71,31.76,62.4
2024-08-31,18:10:23,30.9,30.8,31.3,31.3,30.8,29.8,72,31.02,64
2024-08-31,18:15:24,30.1,29.8,30.2,30.2,30.2,29.4,72,30.1,66.6
2024-08-31,18:20:24,29.6,29.3,29.3,29.8,29.8,29.3,72,29.56,69.2
2024-08-31,18:25:25,29.2,28.9,28.9,29.3,29.3,29.3,72,29.12,70.8
2024-08-31,18:30:25,28.8,28.9,28.5,28.9,28.9,28.9,74,28.8,71.8
2024-08-31,18:35:26,28.6,28.5,28.5,28.5,28.9,28.9,75,28.6,72.6
2024-08-31,18:40:26,28.4,28.5,28,28,28.5,28.5,74,28.28,73
2024-08-31,18:45:27,28.2,28,28,28,28.5,28.5,75,28.14,74.2
2024-08-31,18:50:27,28,28,27.6,27.6,28.5,28.5,74,27.94,75
2024-08-31,18:55:28,27.9,28,27.6,27.6,28,28.5,76,27.82,75.6
2024-08-31,19:00:28,27.7,27.6,27.1,27.1,28,28.5,74,27.5,76.4
2024-08-31,19:05:29,27.5,27.6,27.1,27.1,27.6,28.5,76,27.38,77.4
2024-08-31,19:10:30,27.3,27.6,26.7,26.7,27.6,28,75,27.18,77.6
2024-08-31,19:15:30,27.1,27.1,26.7,26.7,27.6,28,76,27.04,77.6
2024-08-31,19:20:31,27,26.7,26.2,26.2,27.1,28,75,26.64,77.6
2024-08-31,19:25:31,26.8,26.7,26.2,26.2,27.1,28,74,26.6,78
2024-08-31,19:30:32,26.6,26.7,26.2,25.8,27.1,28,74,26.48,78.2
2024-08-31,19:35:32,26.5,26.7,25.8,25.8,26.7,27.6,75,26.3,78.6
2024-08-31,19:40:33,26.4,26.2,25.8,25.8,26.7,27.6,75,26.18,78.8
2024-08-31,19:45:33,26.2,26.2,25.8,25.3,26.7,27.6,75,26.04,78.8
2024-08-31,19:50:34,26.1,26.2,25.3,25.3,26.2,27.6,75,25.82,79
2024-08-31,19:55:34,26.1,26.2,25.3,25.3,26.2,27.1,75,25.82,79.4
2024-08-31,20:00:35,26.3,26.2,25.3,25.3,26.2,26.7,76,25.86,79.4
2024-08-31,20:05:35,26.2,25.8,25.3,25.3,26.2,26.7,75,25.76,79.4
2024-08-31,20:10:36,26,25.8,24.8,24.8,25.8,26.7,77,25.44,79.6
2024-08-31,20:15:36,25.9,25.3,24.8,24.8,25.8,26.3,77,25.32,79.8
2024-08-31,20:20:37,25.7,25.3,24.5,24.8,25.8,26.2,77,25.22,80.2
2024-08-31,20:25:37,25.6,25.3,24.5,24.5,25.8,26.7,77,25.14,80.2
2024-08-31,20:30:38,25.5,25.3,24.5,24.5,25.7,26.2,77,25.1,80.2
2024-08-31,20:35:39,25.5,25.3,24.5,24.5,25.3,26.2,76,25.02,80.4
2024-08-31,20:40:39,25.6,25.3,24.5,24.5,25.3,26.2,76,25.04,80.8
2024-08-31,20:45:40,25.5,24.8,24.1,24.5,25.3,26.2,77,24.84,81
2024-08-31,20:50:40,25.2,24.8,24.1,24.5,25.3,25.8,77,24.78,81.4
2024-08-31,20:55:41,25.2,24.8,24.1,24.5,25.3,25.8,77,24.78,81.8
2024-08-31,21:00:41,25.3,24.8,24.1,24.5,25.3,25.8,77,24.8,81.6
2024-08-31,21:05:42,25.3,24.8,24.1,24.5,25.3,25.8,77,24.8,81.8
2024-08-31,21:10:42,25.3,24.8,24.1,24.1,25.3,25.8,77,24.72,82.2
2024-08-31,21:15:43,25.2,24.8,24.1,24.1,25.3,25.8,77,24.7,82.8
2024-08-31,21:20:43,25.1,24.5,24.1,24.1,24.8,25.8,77,24.52,83
2024-08-31,21:25:44,25,24.5,23.8,24.1,24.8,25.8,77,24.44,83
2024-08-31,21:30:44,25,24.5,23.8,24.1,24.8,25.3,77,24.44,83.4
2024-08-31,21:35:45,25,24.5,23.8,24.1,24.8,25.3,77,24.44,83.8
2024-08-31,21:40:45,25,24.5,23.8,24.1,24.8,25.3,77,24.44,83.6
2024-08-31,21:45:46,25.1,24.5,23.8,24.1,24.8,25.3,77,24.46,83.4
2024-08-31,21:50:46,25.1,24.5,23.8,24.1,24.8,25.3,77,24.46,83.8
2024-08-31,21:55:47,25,24.5,23.8,24.1,24.8,25.3,77,24.44,84
2024-08-31,22:00:47,25,24.5,23.8,23.8,24.8,24.8,77,24.38,83.8
2024-08-31,22:05:48,24.9,24.1,23.8,23.8,24.5,24.8,78,24.22,83.8
2024-08-31,22:10:48,24.9,24.5,23.8,23.8,24.5,24.8,77,24.3,83.8
2024-08-31,22:15:49,24.8,24.2,23.4,23.8,24.5,24.8,77,24.14,83.8
2024-08-31,22:20:49,24.6,24.1,23.4,23.8,24.5,24.8,77,24.08,83.8
2024-08-31,22:25:50,24.5,24.1,23.4,23.4,24.5,24.8,77,23.98,83.8
2024-08-31,22:30:50,24.5,23.8,23,23.4,24.1,24.8,77,23.76,83.8
2024-08-31,22:35:51,24.4,23.8,23,23.4,24.1,24.7,77,23.74,84.2
2024-08-31,22:40:51,24.3,23.8,23,23.4,24.1,24.5,77,23.72,84.2
2024-08-31,22:45:52,24.3,23.8,23,23.4,24.1,24.5,77,23.72,84
2024-08-31,22:50:52,24.4,23.8,23,23.3,24.1,24.5,77,23.72,84.4
2024-08-31,22:55:53,24.3,23.8,23,23.2,24.1,24.5,77,23.68,84.2
2024-08-31,23:00:54,24.3,23.8,23,23.4,24.1,24.5,77,23.72,84.2
2024-08-31,23:05:54,24.3,23.8,22.7,23,24.1,24.5,77,23.58,84.2
2024-08-31,23:10:55,24.1,23.4,22.6,23,23.8,24.1,77,23.38,83.8
2024-08-31,23:15:55,24,23.4,22.6,22.7,23.8,24.1,77,23.3,83.8
2024-08-31,23:20:56,23.8,23.4,22.2,22.6,23.8,24.1,77,23.16,83.8
2024-08-31,23:25:56,23.6,23.1,22.2,22.6,23.4,24.1,77,22.98,84.2
2024-08-31,23:30:57,23.6,23,22.2,22.6,23.4,24.1,77,22.96,84.2
2024-08-31,23:35:57,23.6,23,21.8,22.2,23.4,23.8,77,22.8,84.2
2024-08-31,23:40:58,23.5,23,21.8,22.2,23.4,23.8,77,22.78,84
2024-08-31,23:45:58,23.4,22.6,21.8,22.2,23.1,23.8,77,22.62,84.2
2024-08-31,23:50:59,23.4,22.6,21.8,22.2,23.4,23.8,77,22.68,84.2
2024-08-31,23:55:59,23.4,22.6,21.8,22.2,23,23.8,78,22.6,84.4
2024-09-01,00:01:00,23.3,22.6,21.8,22.1,23,23.8,77,22.56,84.4
2024-09-01,00:06:00,23.2,22.6,21.4,21.8,23,23.5,77,22.4,84.4
2024-09-01,00:11:01,23.2,22.6,21.4,21.8,23,23.4,77,22.4,84.4
2024-09-01,00:16:01,23.2,22.6,21.4,21.8,23,23.4,78,22.4,84.6
2024-09-01,00:21:02,23.3,22.6,21.5,21.8,23,23.4,78,22.44,85
2024-09-01,00:26:02,23.3,22.6,21.8,21.8,23,23.4,77,22.5,85
2024-09-01,00:36:03,23.1,22.6,21.4,21.8,23,23.4,77,22.38,84.8
2024-09-01,00:41:04,23,22.2,21,21.4,22.6,23.1,78,22.04,84.8
2024-09-01,00:46:04,23,22.2,21,21.4,22.6,23,78,22.04,85
2024-09-01,00:51:05,23,22.2,21.4,21.4,22.6,23,78,22.12,85.2
2024-09-01,00:56:05,23,22.2,21.4,21.4,22.6,23,77,22.12,85.4
2024-09-01,01:01:06,22.9,22.2,21,21.4,22.6,23,78,22.02,85.2
2024-09-01,01:06:06,22.7,22.2,21,21.4,22.6,23,78,21.98,85.2
2024-09-01,01:11:07,22.6,22.2,20.6,21,22.3,23,78,21.74,85.2
2024-09-01,08:06:49,22.9,21.9,21,20.6,21.8,20.6,80,21.64,78.8
2024-09-01,08:11:49,23.1,22.2,21.4,21,22.2,21,77,21.98,77.4
2024-09-01,08:16:50,23.3,22.2,21.5,21,22.2,21.4,77,22.04,76.8
2024-09-01,08:21:50,23.4,22.6,21.8,21.4,22.2,21.8,76,22.28,76
2024-09-01,08:26:51,23.6,22.6,22.2,21.4,22.6,22,75,22.48,76
2024-09-01,08:31:51,23.8,23,22.2,21.8,22.6,22.2,74,22.68,75
2024-09-01,08:36:52,24,23,22.6,21.8,23,22.6,74,22.88,74.6
2024-09-01,08:41:52,24.3,23.4,23,22.2,23,23,73,23.18,74.6
2024-09-01,08:46:53,24.4,23.8,23,22.2,23.4,23.4,73,23.36,74.2
2024-09-01,08:51:53,24.6,23.8,23,22.6,23.4,23.4,73,23.48,74.2
2024-09-01,08:56:54,24.7,23.8,23.4,22.6,23.7,23.8,73,23.64,74
2024-09-01,09:01:54,24.9,24.1,23.8,23,23.8,24.1,72,23.92,73.4
2024-09-01,09:06:55,25.1,24.1,24.1,23,24,24.1,73,24.06,73.2
2024-09-01,09:11:55,25.7,24.5,24.5,23.4,24.1,24.5,73,24.44,73
2024-09-01,09:16:56,25.9,24.5,24.5,23.8,24.1,24.5,73,24.56,73.4
2024-09-01,09:21:56,26.2,24.8,24.8,24.1,24.5,24.5,73,24.88,73.6
2024-09-01,09:26:57,26.8,25.3,25.8,24.5,24.8,24.8,73,25.44,72.6
2024-09-01,09:31:57,27.3,26.2,26.2,24.8,25.3,25.3,73,25.96,71
2024-09-01,09:36:58,27.7,26.7,26.7,25.3,25.8,25.3,72,26.44,71.2
2024-09-01,09:41:58,28.1,27.1,27.1,25.8,26.2,25.8,72,26.86,68.8
2024-09-01,09:46:59,27.9,26.7,26.7,25.8,25.8,25.3,72,26.58,69.2
2024-09-01,09:51:59,27.5,26.2,26.7,25.3,25.8,24.8,71,26.3,71
2024-09-01,09:57:00,28.4,27.6,28,26.2,26.7,25.3,70,27.38,67.6
2024-09-01,10:02:00,28.2,27.1,27.1,26.2,26.2,25.3,71,26.96,67.8
2024-09-01,10:07:01,27.8,26.7,27.1,25.8,26.2,25.3,71,26.72,69.2
2024-09-01,10:12:02,27.7,26.7,26.7,25.8,26.2,25.8,71,26.62,69.6
2024-09-01,10:17:02,28.8,28,28.5,27.1,27.1,26.2,70,27.9,66.6
2024-09-01,10:22:03,29.4,28.9,29.3,27.6,27.6,26.7,69,28.56,64.6
2024-09-01,10:27:03,29.7,28.9,29.3,28.5,28,26.7,69,28.88,63.6
2024-09-01,10:32:04,31,30.8,30.2,30.2,30.2,27.1,69,30.48,60.6
2024-09-01,10:37:04,31.9,30.8,31.3,31.8,30.8,27.6,69,31.32,58.6
2024-09-01,10:42:05,31.9,31.3,31.8,31.8,30.8,28,68,31.52,58.2
2024-09-01,10:47:05,32.2,31.8,32.3,32.3,31.3,28,66,31.98,57.8
2024-09-01,10:52:06,32.8,31.8,32.8,32.9,31.8,28,67,32.42,57.4
2024-09-01,10:57:06,33.1,32.3,33.3,33.8,32.3,28.5,63,32.96,56
2024-09-01,11:02:07,33.4,32.8,33.8,33.8,32.3,28.9,66,33.22,55.4
2024-09-01,11:07:07,33.6,33.3,34.2,34.2,32.8,28.9,67,33.62,54.8
2024-09-01,11:12:08,34.1,33.3,34.2,34.7,33.3,29.3,65,33.92,54
2024-09-01,11:17:08,34.4,33.8,34.7,35.2,33.8,29.3,64,34.38,53
2024-09-01,11:22:09,34.3,34.2,35.2,35.2,33.8,29.8,65,34.54,53
2024-09-01,11:27:10,34.8,34.2,35.6,35.6,33.8,29.8,66,34.8,52.6
2024-09-01,11:32:10,34.8,34.7,35.6,35.6,34.2,30.2,64,34.98,52.2
2024-09-01,11:37:11,32.4,34.7,36.3,36.3,34.2,30.2,62,34.78,52
2024-09-01,11:42:11,32.6,35.2,36.3,36.9,34.7,30.2,65,35.14,51.6
2024-09-01,11:47:12,33.2,35.2,37.4,37.4,35.2,30.8,63,35.68,51
2024-09-01,11:52:12,32.2,34.2,35.6,36.3,33.8,29.9,65,34.42,52.6
2024-09-01,11:57:13,34.3,34.2,35.2,35.2,33.8,29.8,65,34.54,53.6
2024-09-01,12:02:13,35,35.6,36.9,36.3,34.7,30.8,63,35.7,51.2
2024-09-01,12:07:14,33.2,35.6,36.9,37.4,35.2,30.8,64,35.66,50.2
2024-09-01,12:12:14,32.3,35.2,36.3,36.3,34.7,30.2,61,34.96,51.8
2024-09-01,12:17:15,34.8,35.6,35.6,36.3,34.7,30.2,62,35.4,52
2024-09-01,12:22:16,33.2,35.6,37.4,37.4,35.2,30.8,63,35.76,50.4
2024-09-01,12:27:16,34.7,34.7,35.2,36.3,34.7,30.2,68,35.12,52.4
2024-09-01,12:32:17,34.2,35.2,35.2,35.2,34.7,30.2,67,34.9,53.4
2024-09-01,12:37:17,33,36.9,37.4,37.4,36.3,30.8,65,36.2,50.2
2024-09-01,12:42:18,33.6,36.9,38.5,38,36.3,31,67,36.66,49
2024-09-01,12:47:18,33.1,36.3,37.4,38,35.6,30.8,68,36.08,49.8
2024-09-01,12:52:19,34.1,36.9,38.5,39,36.3,31.3,64,36.96,48.6
2024-09-01,12:57:19,33.9,36.9,38.3,38.5,36.3,31.3,67,36.78,49.4
2024-09-01,13:02:20,34.7,38,39.5,39.5,36.9,31.3,65,37.72,48
2024-09-01,13:07:20,34.6,38,39.5,39.5,37.4,31.8,65,37.8,47.4
2024-09-01,13:12:21,34.2,37.4,39.5,39,36.9,31.8,67,37.4,47.4
2024-09-01,13:17:22,33.9,35.6,38.5,39,35.6,31.8,66,36.52,49
2024-09-01,13:22:22,34.8,35.2,36.3,36.3,35.2,31.3,69,35.56,52.4
2024-09-01,13:27:23,33.9,38.4,39,38.5,37.4,31.8,66,37.44,48.6
2024-09-01,13:32:23,34.6,38.5,40.1,40.1,38,31.8,69,38.26,46.6
2024-09-01,13:37:24,34.9,38.5,40.1,40.6,38,31.8,64,38.42,45.8
2024-09-01,13:42:24,34.3,37.5,39,39.5,37.4,31.8,67,37.54,47.2
2024-09-01,13:47:25,32.8,36.9,37.4,37.4,35.6,31.8,68,36.02,51.2
2024-09-01,13:52:25,34.1,37.4,39,39,36.9,31.8,67,37.28,48.8
2024-09-01,13:57:26,33.9,37.4,38.5,39,36.9,32.3,66,37.14,48
2024-09-01,14:02:26,33,36.9,38,38,36.3,32.3,67,36.44,49.6
2024-09-01,14:07:27,34.1,38,39.1,39,37,32.3,67,37.44,48
2024-09-01,14:12:28,34.7,38.5,40.1,40.1,38,32.8,69,38.28,45.6
2024-09-01,14:17:28,35.4,39,40.6,40.6,38.5,32.8,67,38.82,44.6
2024-09-01,14:22:29,34.7,38.5,40.1,40.1,38,32.8,68,38.28,45.6
2024-09-01,14:27:29,34,38,39,39,37.4,32.8,67,37.48,47.4
2024-09-01,14:32:30,34.5,38,39.5,39.5,37.4,32.8,66,37.78,47
2024-09-01,14:37:30,35.2,39,40.6,40.6,38.5,32.8,68,38.78,45.2
2024-09-01,14:42:31,35,39,40.6,40.6,38.5,33.3,64,38.74,44.8
2024-09-01,14:47:31,34.6,38.5,40.1,40.1,38,33.3,64,38.26,45
2024-09-01,14:52:32,34.6,38.5,40.1,40.1,38,33.3,63,38.26,45
2024-09-01,14:57:33,35.2,39,40.6,40.6,38.5,33.3,66,38.78,44.6
2024-09-01,15:02:33,35.2,39,41.1,41.1,38.5,33.3,65,38.98,44.2
2024-09-01,15:07:34,35.2,39,40.6,41.1,38.5,33.3,64,38.88,44.4
2024-09-01,15:12:34,35.1,39,40.6,41.1,38.5,33.3,61,38.86,44.6
2024-09-01,15:17:35,35.3,39,41.1,41.1,38.5,33.3,66,39,44.6
2024-09-01,15:22:35,35,38.5,40.6,41.1,38.5,33.3,66,38.74,44.8
2024-09-01,15:27:36,35.1,39,40.6,40.6,38.5,33.3,65,38.76,45.2
2024-09-01,15:32:36,34.6,38.5,39.6,40.1,38,33.3,67,38.16,46
2024-09-01,15:37:37,33.2,36.9,38,38,36.3,33.2,66,36.48,49
2024-09-01,15:42:37,34,37.4,39,39,36.9,33.3,68,37.26,48.6
2024-09-01,15:47:38,34.5,38.5,40.1,39.5,38,33.3,68,38.12,47
2024-09-01,15:52:39,34.6,38.5,40.1,40.1,38,33.3,68,38.26,46.2
2024-09-01,15:57:39,34.6,38.5,40.1,40.1,38,33.4,66,38.26,46.4
2024-09-01,16:02:40,34.5,38.5,40.1,40.1,38,33.3,67,38.24,46.6
2024-09-01,16:07:40,34.4,38.5,40.1,40.1,38,33.3,68,38.22,46.6
2024-09-01,16:12:41,34.5,38,40.1,40.1,38,33.3,65,38.14,46.6
2024-09-01,16:17:41,34.4,38,39.5,39.5,38,33.3,66,37.88,47.2
2024-09-01,16:22:42,34.1,38,39.5,39.5,37.4,33.8,63,37.7,47.4
2024-09-01,16:27:42,34,38,39.5,39.5,37.4,33.3,66,37.68,47.4
2024-09-01,16:32:43,34.2,38,39.5,39.5,37.4,33.3,66,37.72,47.4
2024-09-01,16:37:44,34.1,38,39.5,39,37.4,33.3,66,37.6,47.6
2024-09-01,16:42:44,34.3,38,39.5,39.5,37.4,33.3,66,37.74,47.4
2024-09-01,16:47:45,34.2,38,39.5,39.5,37.4,33.3,66,37.72,47.2
2024-09-01,16:52:45,33.9,37.5,39,39,37.4,33.3,64,37.36,47.8
2024-09-01,16:57:46,33.2,35.6,38,38,35.6,33.3,67,36.08,49.8
2024-09-01,17:02:46,32.4,35.2,36.9,36.9,35.2,33.3,68,35.32,52
2024-09-01,17:07:47,34.8,35.2,36.3,36.3,35.2,32.8,68,35.56,52.2
2024-09-01,17:12:47,34.2,34.2,35.6,35.2,34.7,32.8,69,34.78,54.8
2024-09-01,17:17:48,33.9,34.2,35.2,35.2,34.2,32.3,70,34.54,56
2024-09-01,17:22:48,33.7,33.8,34.7,34.7,33.8,32.3,68,34.14,57
2024-09-01,17:27:49,33.4,33.8,34.7,34.2,33.8,32.3,68,33.98,57.4
2024-09-01,17:32:50,33.2,33.3,34.2,34.2,33.3,32.3,68,33.64,58.8
2024-09-01,17:37:50,32.9,32.8,33.8,33.8,32.8,31.8,68,33.22,60.4
2024-09-01,17:42:51,32.7,32.8,33.8,33.8,32.8,31.8,70,33.18,60.8
2024-09-01,17:47:51,32.6,32.8,33.8,33.3,32.8,31.8,69,33.06,61.2
2024-09-01,17:52:52,32.6,32.8,33.8,33.3,32.8,31.8,69,33.06,61.2
2024-09-01,17:57:52,33.1,33.3,34.2,33.8,33.3,31.8,70,33.54,59.4
2024-09-01,18:02:53,33.2,33.3,34.2,34.2,33.3,31.8,69,33.64,59.2
2024-09-01,18:07:53,33.2,33.3,34.2,34.2,33.3,31.8,69,33.64,59.2
2024-09-01,18:12:54,33,33.3,33.8,33.8,33.3,31.8,70,33.44,59.6
2024-09-01,18:17:55,32.3,31.8,33.3,33.3,32.3,31.8,70,32.6,62
2024-09-01,18:22:55,31.4,31.8,31.8,31.8,31.8,31.3,70,31.72,64.6
2024-09-01,18:27:56,30.8,30.8,31.3,31.3,31.3,30.9,70,31.1,66.6
2024-09-01,18:32:56,30.5,30.8,30.8,30.8,30.8,30.8,70,30.74,67.6
2024-09-01,18:37:57,30.1,30.2,30.2,30.2,30.2,30.8,70,30.18,68.4
2024-09-01,18:42:57,29.8,29.8,29.8,30.2,30.2,30.2,71,29.96,70
2024-09-01,18:47:58,29.5,29.8,29.8,29.8,29.8,30.2,71,29.74,71
2024-09-01,18:52:58,29.4,29.8,29.3,29.3,29.8,29.8,72,29.52,71.6
2024-09-01,18:57:59,29.2,29.3,29.3,29.3,29.3,29.8,72,29.28,72
2024-09-01,19:02:59,29,28.9,28.9,28.9,29.3,29.8,72,29,72.6
2024-09-01,19:08:00,28.8,28.9,28.8,28.9,28.9,29.8,72,28.86,73.4
2024-09-02,10:44:36,29.7,28.5,29.3,27.6,28,25.8,77,28.62,66.8
2024-09-02,10:49:36,30.6,29.3,29.8,29.3,29,26.2,77,29.6,66
2024-09-02,10:54:37,31.4,30.2,30.8,31.2,30.2,26.7,77,30.76,63
2024-09-02,10:59:37,31.4,30.8,30.8,31.3,30,26.7,77,30.86,63
2024-09-02,11:04:38,31.6,31.3,31.3,31.3,30.2,26.7,77,31.14,62.8
2024-09-02,11:09:38,32,31.3,31.8,31.8,30.8,26.7,75,31.54,62.2
2024-09-02,11:14:39,32.2,31.8,32.3,32.3,31.3,26.8,76,31.98,61.8
2024-09-02,11:19:39,32.6,31.8,32.8,32.8,31.3,27.1,75,32.26,61.2
2024-09-02,11:29:40,32.8,32.3,32.8,33.3,31.8,25.8,69,32.6,57.8
2024-09-02,12:04:44,34.6,33.3,34.2,34.7,32.8,25.8,63,33.92,52.6
2024-09-16,18:34:03,28.2,27.8,28,27.1,nan,29.3,80,27.77,95.5
2024-09-16,18:39:03,28.2,27.6,28,27.1,nan,29.3,80,27.72,95.5
2024-09-16,18:44:04,nan,27.6,27.6,27.1,nan,29,81,27.43,97.33
2024-09-16,18:49:05,27.7,27.1,27.6,26.7,nan,28.9,81,27.28,96.25
2024-09-16,18:54:05,nan,27.1,27.1,26.7,nan,28.9,80,26.97,97.33
2024-09-16,18:59:06,27.5,26.7,26.7,26.2,nan,28.5,81,26.78,96.25
2024-09-16,19:04:06,27.3,26.7,26.7,26.2,nan,28.5,80,26.72,96.25
2024-09-16,19:09:07,27.2,26.7,26.2,26.2,nan,28.1,80,26.57,96.25
2024-09-16,19:14:07,26.9,26.2,26.2,25.8,nan,28,80,26.28,96
2024-09-16,19:19:08,26.9,26.2,25.8,25.8,nan,28,81,26.17,95.25
2024-09-16,19:24:09,26.7,26.2,25.8,25.3,nan,28,80,26,91.5
2024-09-16,19:29:09,26.5,25.8,25.8,25.3,nan,27.6,81,25.85,87.5
2024-09-16,19:34:10,26.5,25.8,25.3,25.3,nan,27.6,83,25.72,86.5
2024-09-16,19:39:10,26.3,25.8,25.3,24.8,nan,27.1,83,25.55,86
2024-09-16,19:44:11,26.2,25.7,25.3,24.8,nan,27.1,83,25.5,85.75
2024-09-16,19:49:11,26.1,25.3,24.8,24.6,nan,27.1,85,25.2,85.25
2024-09-16,19:52:37,26.1,25.3,24.8,24.5,nan,27.1,85,25.17,85
2024-09-16,19:57:38,26.1,25.3,24.8,24.5,nan,27.1,84,25.17,84.75
2024-09-16,20:02:38,25.9,24.8,24.5,24.5,nan,27.1,83,24.92,84.75
2024-09-16,20:07:39,25.8,24.8,24.5,24.1,nan,26.7,84,24.8,84.5
2024-09-16,20:12:39,25.7,24.8,24.1,24.1,nan,26.7,82,24.67,84.5
2024-09-16,20:17:40,25.6,24.8,24.1,24.1,nan,26.2,83,24.65,84.5
2024-09-16,20:22:40,25.5,24.5,24.1,23.8,nan,26.2,82,24.47,84.5
2024-09-16,20:27:41,25.4,24.5,24.1,23.8,nan,26.2,85,24.45,84.5
2024-09-16,20:32:42,25.3,24.5,23.8,23.8,nan,26,85,24.35,84.5
2024-09-16,20:37:42,25.1,24.5,23.8,23.8,nan,25.8,85,24.3,84.5
2024-09-16,20:42:43,25,24.2,23.4,23.8,nan,25.8,85,24.1,84
2024-09-16,20:47:43,25,24.1,23.4,23.4,nan,25.8,85,23.97,84.25
2024-09-16,20:52:44,24.9,24.1,23.4,23.4,nan,25.8,85,23.95,84.25
2024-09-16,20:57:44,24.8,24.1,23.4,23.4,nan,25.3,85,23.93,84.25
2024-09-16,21:02:45,24.8,24.1,23.4,23.4,nan,25.3,85,23.93,84.25
2024-09-16,21:07:45,24.6,24.1,23,23.4,nan,25.3,86,23.77,84.25
2024-09-16,21:12:46,24.6,23.8,23,23,nan,24.8,86,23.6,84.25
2024-09-16,21:17:47,24.5,23.8,23,23,nan,24.8,86,23.57,84.25
2024-09-16,21:22:47,24.5,23.8,23,23,nan,24.8,85,23.57,84.25
2024-09-16,21:27:48,24.4,23.8,23,23,nan,24.8,85,23.55,84.25
2024-09-16,21:32:48,24.3,23.8,23,23,nan,24.8,85,23.52,84.5
2024-09-16,21:37:49,24.3,23.8,22.6,23,nan,24.8,85,23.42,84.5
2024-09-16,21:42:49,24.3,23.4,22.6,22.7,nan,24.5,85,23.25,84.75
2024-09-16,21:47:50,24.2,23.4,22.6,22.6,nan,24.5,85,23.2,84.75
2024-09-16,21:52:50,24.1,23.4,22.6,22.6,nan,24.5,86,23.17,84.5
2024-09-16,21:57:51,24.1,23.4,22.6,22.6,nan,24.5,85,23.17,84.75
2024-09-16,22:02:52,24,23.4,22.2,22.6,nan,24.5,85,23.05,84.5
2024-09-17,08:23:59,22.6,21.8,21,20.2,nan,22.2,83,21.4,83.75
2024-09-17,08:28:59,23.1,22.2,21.4,20.6,nan,23,81,21.82,83.5
2024-09-17,08:34:00,23.5,22.6,22.2,21,nan,23.4,81,22.32,82.75
2024-09-17,08:39:00,23.9,23,23,21.4,nan,23.8,80,22.82,81.5
2024-09-17,08:44:01,24.3,23.4,23.4,21.8,nan,23.8,80,23.22,81
2024-09-17,08:49:01,24.8,23.8,24.1,22.2,nan,24.1,80,23.72,80
2024-09-17,08:54:02,25.2,24.1,24.5,22.6,nan,24.5,80,24.1,78.75
2024-09-17,08:59:03,25.6,24.8,24.9,23,nan,24.5,79,24.57,77.75
2024-09-17,09:04:03,26,25.3,25.8,23.4,nan,24.8,79,25.12,76.75
2024-09-17,09:09:04,26.5,25.8,26.2,23.8,nan,24.9,78,25.57,75.75
2024-09-17,09:14:04,26.8,25.8,26.7,24.1,nan,25.3,77,25.85,75.25
2024-09-17,09:19:05,27.2,26.2,27.1,24.5,nan,25.8,77,26.25,74.25
2024-09-17,09:24:05,27.5,26.7,27.6,24.8,nan,25.8,77,26.65,73
2024-09-17,09:29:06,27.9,27.1,28,25.3,nan,26.2,77,27.07,70.75
2024-09-17,09:34:06,28.3,27.6,28.9,25.8,nan,26.7,77,27.65,69.25
2024-09-17,09:39:07,28.6,28,29.3,26.2,nan,27.1,77,28.02,67.75
2024-09-17,09:44:08,29,28,29.8,26.4,nan,27.1,77,28.3,67
2024-09-17,09:49:08,27.9,27.6,27.6,26.9,nan,27.6,77,27.5,83
2024-09-17,09:54:09,28.4,28,28.5,27.6,nan,28,79,28.12,85
2024-09-17,09:59:09,28.6,28,28.5,28,nan,28,80,28.27,84.75
2024-09-17,10:04:10,29.3,28.9,29.3,28.5,nan,28.5,80,29,84.5
2024-09-17,10:06:45,29.9,29.8,30.2,29.3,nan,28.9,79,29.8,82.25
2024-09-17,10:08:04,30,29.8,30.2,29.3,nan,28.9,78,29.82,81.25
2024-09-17,10:08:16,29.9,29.8,30.2,29.3,nan,28.9,79,29.8,81.5
2024-09-17,10:12:17,29.1,28.6,28.9,28.5,nan,28.9,78,28.77,81.25
2024-09-17,10:12:25,29.1,28.5,28.9,28.5,nan,28.5,80,28.75,81.75
2024-09-17,10:17:26,29.1,28.5,28.9,28.5,nan,28.5,80,28.75,82.75
2024-09-17,10:21:07,28,27.6,28,27.1,nan,28,80,27.67,81.75
2024-09-17,10:26:08,28,27.6,28,27.1,nan,27.6,84,27.67,82.5
2024-09-17,10:31:08,29,28.9,29.3,27.6,nan,28,77,28.7,81.5
2024-09-17,10:36:09,29.7,29.4,30.8,28,nan,28.5,76,29.47,78.25
2024-09-17,10:37:12,30.5,30.2,31.3,29.3,nan,29.3,76,30.32,74.25
2024-09-17,10:37:28,30.6,30.8,31.3,29.3,nan,29.3,75,30.5,74
2024-09-17,10:37:33,30.7,30.8,31.8,29.3,nan,29.3,75,30.65,74
2024-09-17,10:42:33,30.7,30.8,31.8,29.3,nan,29.3,75,30.65,75.5
2024-09-17,10:47:34,31.8,31.8,32.8,30.2,nan,30.2,74,31.65,68.75
2024-09-17,10:52:34,32.2,31.8,33.3,30.8,nan,30.2,75,32.03,65.25
2024-09-17,10:57:35,32.7,32.8,34.2,31.3,nan,30.8,75,32.75,62.75
2024-09-17,11:02:35,32.7,32.3,33.8,31.3,nan,30.8,75,32.53,61.5
2024-09-17,11:07:36,30.9,30.8,31.3,29.8,nan,29.8,78,30.7,67
2024-09-17,11:12:37,31.6,31.8,32.8,30.8,nan,30.8,71,31.75,64.5
2024-09-17,11:14:15,33.6,33.8,34.7,32.3,nan,31.3,71,33.6,59
2024-09-17,11:19:16,33.6,33.8,34.7,32.3,nan,31.8,73,33.6,59.75
2024-09-17,11:19:43,34,33.8,35.2,32.8,nan,31.8,72,33.95,57.5
2024-09-17,11:22:16,33.4,32.8,34.7,32.8,nan,32,71,33.43,56.5
2024-09-17,11:27:16,33.4,32.8,35,32.8,nan,32.3,61,33.5,56.75
2024-09-17,11:28:41,31.9,31.3,33.3,31.3,nan,30.2,62,31.95,54.25
2024-09-17,11:33:26,32.8,32.3,33.8,31.8,nan,30.2,60,32.68,53.25
2024-09-17,11:37:10,32.8,31.8,33.3,31.8,nan,30.2,59,32.43,52.5
2024-09-17,11:37:49,32.8,31.8,33.3,31.8,nan,30.8,57,32.43,52.25
2024-09-17,11:39:08,32.8,31.8,33.3,31.8,nan,30.8,59,32.43,52.75
2024-09-17,11:39:17,32.8,31.8,33.8,31.8,nan,30.8,60,32.55,52.5
2024-09-17,11:39:56,32.9,32.3,33.8,31.8,nan,30.8,59,32.7,52
2024-09-17,11:42:42,32.3,31.3,33.8,31.3,nan,31.3,60,32.18,52
2024-09-17,11:43:45,32.3,31.3,33.8,31.3,nan,31.3,61,32.18,52
2024-09-17,11:44:15,31.9,30.8,32.8,31.3,nan,30.8,56,31.7,52.75
2024-09-17,11:44:24,31.9,30.8,32.8,31.3,nan,30.8,56,31.7,53
2024-09-17,11:46:55,31.1,30.2,31.3,30.2,nan,30.8,57,30.7,54.75
2024-09-17,11:49:37,31,30.2,31.3,30.2,nan,30.2,59,30.67,55.75
2024-09-17,11:51:00,30.8,30.2,30.8,29.8,nan,30.2,57,30.4,55.75
2024-09-17,11:51:37,31.2,30.8,31.8,30.2,nan,29.8,60,31,55
2024-09-17,11:51:43,31.3,30.8,31.8,30.2,nan,29.8,59,31.02,55.25
2024-09-17,11:51:47,31.2,30.8,31.8,30.2,nan,29.8,60,31,55.75
2024-09-17,11:51:55,31.3,30.8,31.8,30.2,nan,29.8,60,31.02,55.25
2024-09-17,11:52:09,31.4,30.8,32.3,30.2,nan,29.8,60,31.17,55
2024-09-17,11:52:31,31.3,30.8,32.3,30.2,nan,29.8,60,31.15,55
2024-09-17,11:52:56,31.4,30.8,32.3,30.2,nan,30.2,59,31.17,54.75
2024-09-17,11:53:08,31.6,30.8,32.8,30.2,nan,30.2,59,31.35,53.75
2024-09-17,11:53:12,31.6,30.9,32.8,30.8,nan,30.2,57,31.53,54.25
2024-09-17,11:53:16,31.6,31.3,32.8,30.8,nan,30.2,57,31.62,54.75
2024-09-17,11:53:56,31.8,31.3,33.3,30.8,nan,30.2,57,31.8,52.75
2024-09-17,11:55:36,32.1,31.3,32.8,30.8,nan,30.2,57,31.75,52.5
2024-09-17,11:57:11,32.2,31.8,33.8,31.3,nan,30.8,59,32.28,52
2024-09-17,11:58:03,32.5,31.8,33.8,31.3,nan,31.3,60,32.35,51.5
2024-09-17,11:59:06,32.5,31.8,33.8,31.3,nan,31.3,57,32.35,51.5
2024-09-17,12:00:12,32.4,31.8,33.8,31.3,nan,31.3,58,32.33,49.75
2024-09-17,12:00:41,32.4,31.8,33.8,31.3,nan,30.8,56,32.33,50.25
2024-09-17,12:05:24,33,32.3,33.8,31.8,nan,30.8,57,32.73,48.75
2024-09-17,12:05:34,33,32.3,33.8,31.8,nan,31,56,32.73,49
2024-09-17,12:07:13,33,31.8,33.8,31.8,nan,31.3,57,32.6,49
2024-09-17,12:07:39,32.8,31.8,33.8,31.8,nan,30.8,57,32.55,49.75
2024-09-17,12:07:53,32.8,31.8,33.8,31.8,nan,30.8,56,32.55,50
2024-09-17,12:12:20,32.8,32.8,33.8,31.8,nan,30.8,56,32.8,49.5
2024-09-17,12:12:55,33.3,32.8,34.2,32.3,nan,31.3,58,33.15,48.25
2024-09-17,12:13:09,33.4,32.8,34.2,32.3,nan,31.3,57,33.18,47.75
2024-09-17,12:16:38,32.7,31.8,33.3,31.8,nan,31.3,58,32.4,49.75
2024-09-17,12:18:43,31.9,30.8,32.3,31.3,nan,30.8,57,31.57,51.5
2024-09-17,12:19:30,31.9,30.8,32.2,31.1,nan,30.2,58,31.5,51.75
2024-09-17,12:19:52,31.5,30.2,31.3,30.8,nan,30.2,57,30.95,52.75
2024-09-17,12:20:39,31.4,30.2,31.3,30.8,nan,30.2,57,30.92,52.25
2024-09-17,12:20:47,31.4,30.2,31.6,30.8,nan,30.2,61,31,52.25
2024-09-17,12:25:47,31.4,30.5,31.8,30.8,nan,30.2,63,31.12,53
2024-09-17,12:28:01,32,31.3,33.3,31.3,nan,31.3,64,31.97,47.75
2024-09-17,12:29:28,32.6,32.3,34.2,31.8,nan,31.3,58,32.72,71.25
2024-09-17,12:30:36,32.6,32.3,34.2,31.8,nan,31.8,62,32.72,46.75
2024-09-17,12:33:46,32.4,32.3,33.8,31.3,nan,31.8,58,32.45,47.25
2024-09-17,12:38:46,32.8,32.3,33.3,31.8,nan,30.8,56,32.55,48.25
2024-09-17,12:43:47,32.3,31.8,33.3,31.8,nan,31.3,57,32.3,47.25
2024-09-17,12:44:16,32.8,32.3,33.4,32.8,nan,31,57,32.83,71.75
2024-09-17,12:45:12,32.7,31.8,33.3,32.8,nan,31.2,57,32.65,71.5
2024-09-17,12:45:34,32.5,31.8,33.8,32.4,nan,31.3,62,32.63,71.25
2024-09-17,12:50:34,32.4,31.8,33.8,32.3,nan,31.3,61,32.58,71
2024-09-17,12:55:35,32,31.8,33.3,32,nan,31.8,57,32.28,46
2024-09-17,13:00:35,33.2,32.8,34.7,33.3,nan,31.8,55,33.5,69.5
2024-09-17,13:05:36,33.4,32.8,34.7,33.3,nan,31.8,57,33.55,50.5
2024-09-17,13:10:36,31.8,31.3,32.3,32.3,nan,31.3,54,31.92,71.5
2024-09-17,13:15:37,32.1,31.8,33.8,32.3,nan,31.3,58,32.5,71
2024-09-17,13:20:38,33.6,33.3,35.2,33.3,nan,31.3,53,33.85,50.5
2024-09-17,13:25:38,34,33.8,35.6,34.2,nan,31.8,52,34.4,47
2024-09-17,13:30:39,34.3,33.8,35.6,34.7,nan,31.8,55,34.6,46.75
2024-09-17,13:35:39,34.4,34.2,35.6,34.7,nan,31.8,53,34.73,46.25
2024-09-17,13:40:40,33.4,32.3,33.8,33.8,nan,30.2,53,33.33,49.75
2024-09-17,13:45:40,31.4,30.8,31.3,31.8,nan,29.8,64,31.32,72.25
2024-09-17,13:50:41,31.7,31.3,32.3,31.8,nan,30.8,57,31.78,55.5
2024-09-17,13:55:42,30.8,30.2,30.8,30.8,nan,30.2,56,30.65,73.25
2024-09-17,14:00:42,30.2,29.8,30.2,30.2,nan,28.9,57,30.1,50.5
2024-09-17,14:05:43,30,29.8,30.2,29.8,nan,28.9,56,29.95,53
2024-09-17,14:10:43,31,30.9,31.8,30.8,nan,28.5,60,31.12,52.25
2024-09-17,14:15:44,31.6,31.8,32.3,31.3,nan,28.9,59,31.75,50.5
2024-09-17,14:20:45,30.6,29.8,30.8,30.2,nan,29.3,59,30.35,51
2024-09-17,14:25:00,29.6,28.5,29.3,29.3,nan,29.3,63,29.17,51.5
2024-09-17,14:25:29,29,28.5,28.5,28.9,nan,28.9,62,28.72,51.5
2024-09-17,14:26:18,29,28.5,28.5,28.5,nan,28.8,63,28.62,52
2024-09-17,14:26:38,28.8,28.2,28.5,28.5,nan,28.5,65,28.5,51.25
2024-09-17,14:27:36,28.8,28,28.5,28.5,nan,28.5,63,28.45,50.5
2024-09-17,14:32:36,28.8,28,28.5,28.5,nan,28.5,64,28.45,51.75
2024-09-17,14:35:32,28.2,27.6,27.6,27.6,nan,28,58,27.75,51.75
2024-09-17,14:36:01,28.1,27.6,27.6,27.6,nan,28,62,27.72,51.5
2024-09-17,14:40:29,28.1,27.6,27.6,27.6,nan,28,61,27.72,51
2024-09-17,14:41:54,27.9,27.1,27.1,27.1,nan,27.6,61,27.3,48.25
2024-09-17,14:43:06,27.9,27.1,27.1,26.7,nan,27.6,62,27.2,47.5
2024-09-17,14:45:00,27.9,27.1,27.1,26.7,nan,27.1,63,27.2,49
2024-09-17,14:45:35,27.9,27.1,27.6,27.1,nan,27.1,63,27.42,49.75
2024-09-17,14:50:36,28,27.6,27.6,27.1,nan,27.1,62,27.57,74.25
2024-09-17,14:55:36,28.8,28.5,28.9,27.6,nan,27.1,61,28.45,55.25
2024-09-17,14:57:51,28.4,28,28,27.6,nan,26.7,59,28,51.5
2024-09-17,15:02:52,28.4,28,28,27.6,nan,26.7,60,28,52.25
2024-09-17,15:07:52,28.8,28,28.5,27.8,nan,27.1,60,28.28,52.25
2024-09-17,15:12:53,29,28.5,28.5,27.6,nan,26.7,62,28.4,49.75
2024-09-17,15:17:53,28.3,28,28,27.6,nan,28,62,27.97,55.75
2024-09-17,15:22:54,28.2,28,28,27.6,nan,28.5,65,27.95,57.5
2024-09-17,15:27:55,28.1,28,28,27.6,nan,28.5,68,27.92,59.25
2024-09-17,15:32:55,29.1,28.9,29.3,28,nan,28.9,68,28.82,58
2024-09-17,15:37:56,30.5,30.8,31.8,29.4,nan,29.3,68,30.62,54.5
2024-09-17,15:42:56,32.1,32.3,33.3,31.3,nan,30.2,68,32.25,51
2024-09-17,15:47:57,32.4,32.3,33.3,31.8,nan,30.8,69,32.45,50.25
2024-09-17,15:52:57,32.4,32.3,33.8,31.8,nan,30.8,70,32.58,50.75
2024-09-17,15:57:58,32.3,32.3,33.3,31.8,nan,30.8,70,32.43,51.75
2024-09-17,16:02:59,30.9,30.8,31.8,30.8,nan,30.8,71,31.07,55
2024-09-17,16:07:59,32,32.3,33.3,31.8,nan,30.8,71,32.35,53.5
2024-09-17,16:12:01,31.5,30.2,32.3,31.3,nan,30.8,71,31.32,55.75
2024-09-17,16:14:02,30.1,30.2,30.8,30.2,nan,30.8,73,30.32,58.25
2024-09-17,16:15:10,29.7,29.8,30.2,29.8,nan,30.2,72,29.87,59.75
2024-09-17,16:16:23,29.7,29.5,29.8,29.4,nan,30.2,72,29.6,60.25
2024-09-17,16:17:19,29.7,29.3,29.8,29.3,nan,30.2,72,29.53,61.5
2024-09-17,16:22:20,29.6,29.3,29.8,29.3,nan,30.2,74,29.5,62.75
2024-09-17,16:27:20,29.1,28.9,29.3,28.9,nan,29.8,74,29.05,63
2024-09-17,16:32:21,29.4,29.3,29.3,28.9,nan,29.8,75,29.22,63.25
2024-09-17,16:37:21,29.5,29.3,29.9,29.2,nan,29.8,74,29.47,63
2024-09-17,16:42:22,29.4,29.3,29.8,28.9,nan,29.8,76,29.35,63
2024-09-17,16:44:13,30,30.2,30.8,29.3,nan,30.2,75,30.07,60.25
2024-09-17,16:45:49,30.3,30.2,31.3,29.8,nan,30.2,75,30.4,60
2024-09-17,16:50:50,30.6,30.8,31.4,30.2,nan,30.2,75,30.75,59.25
2024-09-17,16:55:50,31.2,31.3,31.8,30.8,nan,30.8,74,31.28,57.5
2024-09-17,17:00:51,30.3,30.2,30.8,29.8,nan,30.8,74,30.28,59
2024-09-17,17:02:38,29.7,29.8,30.2,29.3,nan,30.2,73,29.75,61.5
2024-09-17,17:07:38,29.7,29.8,30.2,29.3,nan,30.2,74,29.75,62.5
2024-09-17,17:12:39,29.7,29.8,30.2,29.3,nan,30.2,74,29.75,62.25
2024-09-17,17:17:39,30,29.8,30.2,29.3,nan,30.2,74,29.82,61.5
2024-09-17,17:18:27,29.9,29.8,30.2,29.3,nan,30.2,75,29.8,61.5
2024-09-17,17:19:09,29.9,29.8,30.2,29.3,nan,30.2,75,29.8,62.5
2024-09-17,17:19:33,29.9,29.8,30.2,29.3,nan,30.2,75,29.8,62.5
2024-09-17,17:20:15,29.9,29.8,30.2,29.3,nan,30.2,75,29.8,62
2024-09-17,17:20:39,29.8,29.8,30.2,29.3,nan,30.2,75,29.78,61.75
2024-09-17,17:20:43,29.8,29.8,30.2,29.3,nan,30.2,75,29.78,62
2024-09-17,17:20:48,29.8,29.8,30.2,29.3,nan,30.2,75,29.78,62.5
2024-09-17,17:25:13,29.5,29.3,29.8,28.9,nan,30.2,75,29.37,62.75
2024-09-17,17:26:26,29.4,29.3,29.8,28.9,nan,30.2,75,29.35,63
2024-09-17,17:27:20,29.4,29.3,29.8,28.9,nan,30.2,75,29.35,64.25
2024-09-17,17:27:27,29.5,29.3,29.8,29,nan,30.2,75,29.4,63
2024-09-17,17:27:37,29.5,29.3,29.8,29,nan,30.2,75,29.4,63
2024-09-17,17:28:12,29.5,29.3,29.8,29.3,nan,30.2,75,29.47,63.75
2024-09-17,17:28:44,29.6,29.8,30.2,29.3,nan,30.2,75,29.73,62.75
2024-09-17,17:28:50,29.6,29.8,30.2,29.3,nan,30.2,75,29.73,63.5
2024-09-17,17:29:11,29.6,29.8,30.2,29.3,nan,30.2,75,29.73,62.75
2024-09-17,17:29:22,29.6,29.8,30.2,29.3,nan,30.2,75,29.73,63
2024-09-17,17:32:37,29.7,29.8,30.2,29.3,nan,30.2,75,29.75,63
2024-09-17,17:37:37,30.2,30.2,30.8,29.8,nan,30.2,75,30.25,61.5
2024-09-17,17:39:04,29.6,29.6,29.8,29.3,nan,30.2,75,29.57,62.75
2024-09-17,17:39:15,29.6,29.8,29.8,29.3,nan,30.2,75,29.62,63
2024-09-17,17:39:25,29.6,29.8,29.8,29.3,nan,30.2,75,29.62,63
2024-09-17,17:39:37,29.6,29.4,29.8,29.3,nan,30.2,75,29.53,63.75
2024-09-17,17:44:38,29.6,29.3,29.8,29.3,nan,30.2,75,29.5,63.5
2024-09-17,17:44:46,29,28.9,28.9,28.5,nan,30.2,75,28.82,65
2024-09-17,17:45:31,29,28.9,28.9,28.5,nan,30.2,75,28.82,65.5
2024-09-17,17:46:41,28.9,28.9,28.9,28.5,nan,29.8,76,28.8,65.25
2024-09-17,17:47:13,28.9,28.9,28.9,28.5,nan,29.8,76,28.8,65.5
2024-09-17,17:47:18,28.8,28.9,28.9,28.5,nan,29.8,76,28.77,67.5
2024-09-17,17:47:25,28.8,28.9,28.9,28.5,nan,29.8,77,28.77,67.25
2024-09-17,17:47:30,28.9,28.9,28.9,28.5,nan,29.8,77,28.8,65.75
2024-09-17,17:47:38,28.9,28.9,28.9,28.5,nan,29.8,77,28.8,65.75
2024-09-17,17:47:45,28.9,28.9,28.9,28.5,nan,29.8,77,28.8,65.5
2024-09-17,17:47:51,28.8,28.9,28.9,28.5,nan,29.8,77,28.77,66.25
2024-09-17,17:48:43,28.9,28.9,28.9,28.5,nan,29.8,77,28.8,66
2024-09-17,17:49:24,28.9,28.9,28.9,28.5,nan,29.8,77,28.8,65.5
2024-09-17,17:54:25,28.9,28.9,28.9,28.5,nan,29.8,77,28.8,67.75
2024-09-17,17:59:25,28.8,28.5,28.9,28.5,nan,29.8,77,28.67,66.75
2024-09-17,18:04:26,28.6,28.5,28.5,28,nan,29.8,78,28.4,67.75
2024-09-17,18:09:27,28.4,28,28,28,nan,29.3,78,28.1,68.25
2024-09-17,18:14:27,28.3,28,28,27.6,nan,29.3,79,27.97,70
2024-09-17,18:19:28,28.1,27.6,27.6,27.6,nan,28.9,80,27.72,71.5
2024-09-17,18:24:28,27.8,27.6,27.1,27.1,nan,28.9,79,27.4,73
2024-09-17,18:29:29,27.8,27.6,27.1,27.1,nan,28.9,78,27.4,73.25
2024-09-17,18:34:29,27.7,27.1,27.1,27.1,nan,28.5,78,27.25,74.25
2024-09-17,18:39:30,27.3,26.7,26.7,26.7,nan,28.1,76,26.85,74.75
2024-09-17,18:44:31,26.9,26.2,26.2,26.2,nan,28,77,26.37,76.5
2024-09-17,18:49:31,26.6,26.2,25.8,25.8,nan,28,77,26.1,76.75
2024-09-17,18:54:32,26.3,25.8,25.3,25.3,nan,27.6,81,25.67,77
2024-09-17,18:59:32,26.1,25.3,24.8,25.3,nan,27.6,81,25.37,76.25
2024-09-17,19:04:33,26.2,25.3,24.8,25,nan,27.1,81,25.32,77.25
2024-09-17,19:09:33,25.9,25.3,24.5,24.8,nan,27.1,81,25.12,77
2024-09-17,19:14:34,25.6,24.8,24.1,24.5,nan,26.8,80,24.75,77.5
2024-09-17,19:19:35,25.4,24.8,24.1,24.5,nan,26.7,80,24.7,78
2024-09-17,19:24:35,25.2,24.8,23.8,24.5,nan,26.7,80,24.57,77.75
2024-09-17,19:29:36,25.2,24.6,23.8,24.1,nan,26.7,81,24.43,78.25
2024-09-17,19:34:36,25.1,24.5,23.8,24.1,nan,26.2,81,24.37,78.5
2024-09-17,19:39:37,25,24.5,23.8,24.1,nan,26.2,81,24.35,78.5
2024-09-17,19:44:37,24.8,24.5,23.4,23.8,nan,26.2,81,24.12,78.5
2024-09-17,19:49:38,24.8,24.5,23.4,23.8,nan,26.2,81,24.12,79
2024-09-17,19:54:38,24.7,24.2,23.4,23.8,nan,25.8,81,24.03,79
2024-09-17,19:59:39,24.7,24.1,23,23.8,nan,25.8,81,23.9,79
2024-09-17,20:04:40,24.6,24.1,23,23.4,nan,25.8,81,23.77,79
2024-09-17,20:09:40,24.5,24.1,23,23.4,nan,25.8,81,23.75,79
2024-09-17,20:14:41,24.5,24.1,23,23.4,nan,25.8,81,23.75,79
2024-09-17,20:19:41,24.4,23.8,23,23.4,nan,25.3,81,23.65,79.25
2024-09-17,20:24:42,24.3,23.8,22.6,23.4,nan,25.3,82,23.52,79.25
2024-09-17,20:29:42,24.3,23.8,22.6,23,nan,25.3,82,23.42,79.25
2024-09-17,20:34:43,24.3,23.8,22.6,23,nan,25.1,82,23.42,79.25
2024-09-17,20:39:43,24.2,23.8,22.6,23,nan,24.8,82,23.4,79.25
2024-09-18,09:16:06,24.4,23.8,23.4,22.6,nan,23,81,23.55,75.5
2024-09-18,09:21:06,25.6,24.8,25.3,23.8,nan,24.1,80,24.87,72.25
2024-09-18,09:26:07,26.5,25.8,26.2,24.5,nan,24.5,79,25.75,69.25
2024-09-18,09:31:07,27.1,26.2,27.1,24.8,nan,24.8,79,26.3,67.5
2024-09-18,09:36:08,27.2,26.2,27.1,25.3,nan,25.3,78,26.45,66.5
2024-09-18,09:41:08,27.6,26.7,27.6,25.3,nan,25.3,77,26.8,64.75
2024-09-18,09:46:09,27.8,26.7,28,25.8,nan,25.8,77,27.07,64.5
2024-09-18,09:51:09,28.1,27.1,28,26.2,nan,26.2,77,27.35,63.75
2024-09-18,09:56:10,28.3,27.6,28.5,26.7,nan,26.2,77,27.78,63
2024-09-18,10:01:11,28,27.1,28,26.2,nan,26.2,77,27.32,64
2024-09-18,10:06:11,27.2,26.2,26.7,25.8,nan,25.8,77,26.48,67
2024-09-18,10:11:12,26.5,25.3,25.8,24.8,nan,25.3,77,25.6,70
2024-09-18,10:16:12,26.7,25.8,26.2,24.8,nan,25.8,78,25.87,70.75
2024-09-18,10:21:13,27.5,26.7,27.1,25.8,nan,25.8,77,26.78,67.25
2024-09-18,10:26:13,27,26.2,26.7,25.3,nan,25.8,79,26.3,68
2024-09-18,10:31:14,27.5,26.7,27.1,25.8,nan,25.8,78,26.78,66.25
2024-09-18,10:36:14,27.1,26.2,26.7,25.3,nan,25.8,78,26.32,67.75
2024-09-18,10:41:15,26.9,25.8,26.2,25.3,nan,25.3,79,26.05,68.25
2024-09-18,10:46:16,26.5,25.3,25.8,24.8,nan,25.3,77,25.6,69.5
2024-09-18,10:51:16,26.4,25.3,25.3,24.8,nan,24.8,77,25.45,70.25
2024-09-18,10:56:17,26.5,25.7,25.8,24.8,nan,25.3,78,25.7,70.25
2024-09-18,11:01:17,26.9,26.2,26.4,25.3,nan,25.3,77,26.2,69
2024-09-18,11:06:18,27.8,27.1,28,26.2,nan,26.2,77,27.28,63.75
2024-09-18,11:11:18,29.1,28.9,30.2,27.1,nan,26.7,75,28.82,59
2024-09-18,11:16:19,29.9,29.8,31.3,28,nan,27.6,75,29.75,56.75
2024-09-18,11:21:19,30.1,29.8,30.2,29.3,nan,28,73,29.85,58.75
2024-09-18,11:26:20,29.7,29.3,29.8,28.9,nan,28,74,29.43,59.25
2024-09-18,11:31:21,28.5,28,28.5,28,nan,27.6,73,28.25,63
2024-09-18,11:36:21,29,28.9,29.3,28,nan,27.6,74,28.8,62.25
2024-09-18,11:41:22,29,28.9,29.3,28.5,nan,27.6,77,28.92,62
2024-09-18,11:41:49,29.1,28.9,29.3,28.5,nan,28,76,28.95,61.75
2024-09-18,11:42:12,29.4,29,29.8,28.5,nan,28,76,29.17,60.5
2024-09-18,11:47:13,29.4,29,29.8,28.5,nan,28,75,29.17,61.75
2024-09-18,11:52:13,31.2,30.8,31.8,30.2,nan,28.9,74,31,56.5
2024-09-18,11:57:14,32.2,31.8,33.3,31.8,nan,29.3,74,32.28,53.75
2024-09-18,12:02:14,32.7,32.3,33.8,32.3,nan,29.3,72,32.78,52.25
2024-09-18,12:07:15,33.2,32.8,34.2,32.8,nan,29.9,72,33.25,51.25
2024-09-18,12:12:15,33,32.8,33.8,32.8,nan,30.2,73,33.1,51.5
2024-09-18,12:17:16,32.8,32.3,33.8,32.8,nan,30.2,71,32.93,52
2024-09-18,12:22:17,32,31.3,32,31.8,nan,30.2,71,31.78,53.75
2024-09-18,12:23:41,31.3,31.3,32.3,31,nan,29.8,73,31.47,55.75
2024-09-18,12:28:41,31.3,31.3,32.3,31.3,nan,29.8,75,31.55,56.25
2024-09-18,12:33:42,32.6,32.3,33.3,32.3,nan,30.2,73,32.63,53.5
2024-09-18,12:38:43,33.1,32.8,33.8,33.1,nan,30.8,71,33.2,51
2024-09-18,12:39:12,32.2,31.8,33.3,32.3,nan,30.2,72,32.4,54.25
2024-09-18,12:44:13,32.3,31.8,32.8,32.3,nan,30.2,74,32.3,54.5
2024-09-18,12:44:40,32,31.3,32.8,31.8,nan,30.2,73,31.97,54.5
2024-09-18,12:47:06,31.6,31.3,31.8,31.8,nan,30.2,73,31.62,55.25
2024-09-18,12:52:06,31.6,31.3,31.8,31.8,nan,30.2,75,31.62,55.75
2024-09-18,12:57:07,32.5,32.3,33.3,32.3,nan,30.8,74,32.6,53.75
2024-09-18,13:02:08,33.9,33.8,35.2,33.8,nan,30.8,73,34.18,49.25
2024-09-18,13:07:08,34.1,33.8,35.2,34.2,nan,31.3,74,34.32,48
2024-09-18,13:12:09,33.7,33.3,34.7,33.8,nan,31.3,72,33.88,49.75
2024-09-18,13:17:09,34.3,34.2,35.6,34.7,nan,31.8,74,34.7,47
2024-09-18,13:21:13,34.7,34.7,36.3,34.7,nan,31.8,74,35.1,46.5
2024-09-18,13:23:02,34.8,34.2,36.3,35.2,nan,32.3,72,35.13,71.25
2024-09-18,13:23:15,34.4,34.2,35.6,34.7,nan,32.3,72,34.73,47.25
2024-09-18,13:28:15,34.4,34.2,35.6,34.7,nan,32.3,73,34.73,47.25
2024-09-18,13:31:50,33,32.8,33.8,34.7,nan,31.8,75,33.58,51
2024-09-18,13:34:08,33,32.8,33.8,33.3,nan,31.8,75,33.23,52.25
2024-09-18,13:36:32,32.2,31.8,32.8,32.4,nan,31.3,74,32.3,54.75
2024-09-18,13:39:05,32.9,32.8,33.8,32.8,nan,31.3,75,33.08,53.75
2024-09-18,13:44:06,32.9,32.8,33.8,32.8,nan,31.3,76,33.08,54.5
2024-09-18,13:49:07,33.6,33.8,34.7,33.8,nan,31.8,74,33.97,51.25
2024-09-18,13:54:07,34.2,34.2,35.6,34.7,nan,31.8,75,34.68,48.5
2024-09-18,13:59:08,34.7,34.7,36.3,35.2,nan,32.3,73,35.22,47
2024-09-18,14:04:08,34.8,34.7,36.9,35.2,nan,32.8,72,35.4,71.25
2024-09-18,14:09:09,32.2,35.2,36.9,35.6,nan,32.8,74,34.97,53.75
2024-09-18,14:14:09,34.1,34,35.2,34.7,nan,32.8,74,34.5,54.75
2024-09-18,14:19:10,34.1,34.2,35.2,34.7,nan,32.8,72,34.55,54.5
2024-09-18,14:24:11,34.3,34.2,35.6,34.7,nan,32.8,71,34.7,54.25
2024-09-18,14:24:47,34.8,34.7,36.3,35.2,nan,32.8,71,35.25,70.75
2024-09-18,14:26:36,35,34.7,36.9,35.2,nan,32.8,71,35.45,53
2024-09-18,14:29:09,35,35.2,36.9,35.5,nan,32.8,71,35.65,53
2024-09-18,14:33:58,32.2,34.8,36.9,35.6,nan,32.8,70,34.88,51
2024-09-18,14:35:36,32.2,35.2,36.9,35.6,nan,33.3,72,34.97,52.75
2024-09-18,14:36:40,32.3,35.2,36.9,35.6,nan,32.8,71,35,50.75
2024-09-18,14:37:59,32.4,35.2,36.9,35.6,nan,32.8,70,35.03,50.5
2024-09-18,14:38:07,32.4,35.2,36.9,35.6,nan,33.3,69,35.03,52.75
2024-09-18,14:38:28,32.4,35.2,36.9,35.6,nan,33.3,69,35.03,51.25
2024-09-18,14:43:28,32.4,35.2,37.4,35.6,nan,33.3,70,35.15,52.75
2024-09-18,14:48:29,32.5,35.2,37.4,35.6,nan,33.3,70,35.18,51.25
2024-09-18,14:49:56,34.7,34.7,36.3,35.6,nan,33.3,69,35.32,54
2024-09-18,14:50:04,34.7,34.7,36.3,35.6,nan,33.3,69,35.32,53.75
2024-09-18,14:55:04,34.7,34.7,36.3,35.6,nan,33.3,69,35.32,71.25
2024-09-18,15:00:05,34.7,34.7,36.3,35.2,nan,33.3,69,35.22,53.75
2024-09-18,15:05:05,32.2,35.2,36.9,35.6,nan,33.3,71,34.97,52.75
2024-09-18,15:10:06,34.7,34.7,36.3,35.2,nan,33.3,70,35.22,53.75
2024-09-18,15:15:07,32.2,35.2,36.9,35.6,nan,33.3,71,34.97,51
2024-09-18,15:20:07,32.2,35.2,37.4,35.6,nan,33.8,71,35.1,50
2024-09-18,15:25:08,32.3,35.2,37.4,35.6,nan,33.8,70,35.13,51.75
2024-09-18,15:30:08,32.6,35.6,37.4,36.3,nan,33.8,70,35.47,51.75
2024-09-18,15:35:09,32.2,35.2,37.4,36.3,nan,33.8,70,35.28,50.25
2024-09-18,15:40:10,33.7,33.3,34.7,34.7,nan,33.3,70,34.1,74.5
2024-09-18,15:45:10,33.8,33.8,35.2,34.2,nan,32.8,72,34.25,74
2024-09-18,15:50:11,34.5,34.7,36.3,35.2,nan,33.3,72,35.18,72.75
2024-09-18,15:55:11,34.6,34.7,36.3,35.2,nan,33.3,70,35.2,72.25
2024-09-18,16:00:12,34.7,34.7,36.3,35.2,nan,33.8,70,35.22,54.5
2024-09-18,16:05:12,34.6,34.7,36.3,35.2,nan,33.8,72,35.2,54.25
2024-09-18,16:10:13,34.7,34.7,36.9,35.2,nan,33.8,70,35.38,54.5
2024-09-18,16:15:14,34.3,34.2,35.6,35.2,nan,33.8,70,34.83,55.5
2024-09-18,16:18:19,34.4,34.7,36.3,35.2,nan,33.8,71,35.15,72.5
2024-09-18,16:23:19,34.3,34.2,35.6,34.7,nan,33.8,72,34.7,56.25
2024-09-18,16:28:20,34.3,34.2,35.6,34.7,nan,33.8,70,34.7,55.5
2024-09-18,16:33:21,34,33.8,35.6,34.7,nan,33.8,73,34.53,73.25
2024-09-18,16:38:21,33.2,32.8,34.2,33.8,nan,33.3,74,33.5,75.25
2024-09-18,16:43:22,31.7,31.8,32.8,32.3,nan,32.8,73,32.15,55.25
2024-09-18,16:47:15,32.6,32.8,33.8,32.8,nan,32.8,74,33,53.75
2024-09-18,16:52:15,33,32.8,34.2,33.3,nan,32.8,74,33.33,53
2024-09-18,16:57:16,33.1,33.2,34.2,33.3,nan,32.8,74,33.45,51.25
2024-09-18,17:02:17,33.2,33.3,34.2,33.3,nan,32.8,75,33.5,51.75
2024-09-18,17:02:52,33.2,33.3,34.7,33.3,nan,32.8,75,33.63,52
2024-09-18,17:07:52,33.2,33.3,34.7,33.3,nan,32.8,76,33.63,52.75
2024-09-18,17:12:14,33.1,33.3,34.2,33.3,nan,32.8,76,33.47,52.75
2024-09-18,17:17:15,33,33.3,34.2,33.3,nan,32.8,75,33.45,53.5
2024-09-18,17:17:27,32.8,32.8,34.2,33.3,nan,32.8,75,33.28,54.25
2024-09-18,17:17:51,32.8,32.8,34.2,33.1,nan,32.8,75,33.22,53.75
2024-09-18,17:18:08,32.8,32.8,33.9,33.1,nan,32.8,75,33.15,54
2024-09-18,17:19:17,32.8,32.8,33.8,33.2,nan,32.8,75,33.15,55
2024-09-18,17:19:40,32.7,32.8,33.8,32.8,nan,32.8,75,33.03,54.5
2024-09-18,17:20:02,32.6,32.8,33.8,32.8,nan,32.8,75,33,54.25
2024-09-18,17:20:24,32.6,32.8,33.8,32.8,nan,32.8,75,33,55.25
2024-09-18,17:20:47,32.6,32.3,33.8,32.8,nan,32.8,75,32.88,54.5
2024-09-18,17:21:11,32.6,32.3,33.8,32.8,nan,32.8,75,32.88,54.5
2024-09-18,17:21:35,32.6,32.3,33.8,32.8,nan,32.8,75,32.88,55
2024-09-18,17:23:57,32.5,32.3,33.8,32.8,nan,32.8,75,32.85,55
2024-09-18,17:25:18,32.4,32.3,33.3,32.8,nan,32.8,76,32.7,55.75
2024-09-18,17:25:45,32.4,32.3,33.3,32.8,nan,32.8,77,32.7,55.75
2024-09-18,17:26:13,32.4,32.3,33.3,32.8,nan,32.8,77,32.7,56.25
2024-09-18,17:27:57,32.4,32.3,33.3,32.8,nan,32.8,76,32.7,55.75
2024-09-18,17:28:09,32.4,32.3,33.3,32.3,nan,32.3,77,32.58,55.75
2024-09-18,17:28:24,32.4,32.3,33.3,32.4,nan,32.7,76,32.6,55.25
2024-09-18,17:28:32,32.4,32.3,33.3,32.8,nan,32.8,76,32.7,56
2024-09-18,17:28:39,32.3,32.3,33.3,32.8,nan,32.8,77,32.68,55.75
2024-09-18,17:28:56,32.4,32.3,33.3,32.8,nan,32.8,77,32.7,55.5
2024-09-18,17:29:06,32.4,32.3,33.3,32.8,nan,32.8,77,32.7,55.5
2024-09-18,17:29:11,32.3,32.3,33.3,32.8,nan,32.8,78,32.68,56.25
2024-09-18,17:29:20,32.3,32.3,33.3,32.8,nan,32.8,78,32.68,55.25
2024-09-18,17:34:20,32.3,32.3,33.3,32.8,nan,32.8,77,32.68,56
2024-09-18,17:34:48,32.1,31.8,32.8,32.3,nan,32.3,77,32.25,56.75
2024-09-18,17:35:30,32.1,31.8,32.8,32.3,nan,32.3,77,32.25,56.25
2024-09-18,17:36:14,32,31.8,32.8,32.3,nan,32.3,77,32.22,56.5
2024-09-18,17:37:02,31.9,31.8,32.8,31.8,nan,32.3,78,32.08,56.25
2024-09-18,17:37:21,31.9,31.8,32.8,31.8,nan,32.3,77,32.08,57.25
2024-09-18,17:42:21,31.9,31.8,32.8,31.8,nan,32.3,77,32.08,57.25
2024-09-18,17:46:03,31.5,31.3,32.3,31.3,nan,32.3,77,31.6,57.5
2024-10-03,14:39:55,29.7,29.3,30.2,28.9,27.6,26.7,56,29.14,27.2
2024-10-03,14:44:56,29.6,28.9,30.2,28.9,27.6,26.2,57,29.04,29.8
2024-10-03,14:47:43,29.8,29.3,30.2,29.3,29.3,26.7,57,29.58,30
2024-10-03,14:48:00,29.8,29.3,30.2,29.3,29.3,27.1,57,29.58,30.2
2024-10-03,14:48:09,29.8,29.3,30.2,29.3,29.5,27.1,57,29.62,30.4
2024-10-03,14:50:53,30.2,29.8,30.8,29.8,29.8,27.1,56,30.08,30
2024-10-03,14:55:53,30.2,29.8,30.8,29.8,29.8,27.6,56,30.08,29.8
2024-10-03,15:00:54,29.5,28.9,29.3,29.3,29.3,27.6,57,29.26,30.8
2024-10-03,15:05:54,29.5,28.9,29.8,29.3,29.3,27.1,58,29.36,31.4
2024-10-03,15:10:55,29.5,28.9,29.3,28.9,29.3,27.1,57,29.18,30.6
2024-10-03,15:15:55,28.3,27.6,27.6,28,28,26.7,58,27.9,45.2
2024-10-03,15:20:56,27.2,26.7,26.7,26.7,27.1,26.2,59,26.88,26.8
2024-10-03,15:25:56,27.3,27.1,27.6,27,27.1,26.2,59,27.22,27
2024-10-03,15:30:57,28.9,28.5,29.3,28.5,28.9,26.7,59,28.82,45.2
2024-10-03,15:35:57,29.5,28.9,29.8,28.9,29.3,27.1,58,29.28,31.6
2024-10-03,15:40:58,29.3,28.9,28.9,28.9,29.3,27.1,58,29.06,44.6
2024-10-03,15:45:59,28.3,27.6,27.6,27.6,28,26.7,58,27.82,46
2024-10-03,15:50:59,28,27.6,28,27.6,28,26.7,59,27.84,26.2
2024-10-03,15:56:00,29.3,28.9,29.3,28.9,28.9,27.1,59,29.06,44.8
2024-10-03,16:01:00,29.2,28.5,28.9,28.5,28.9,27.1,58,28.8,44.6
2024-10-03,16:06:01,28.3,27.6,27.6,27.6,28,27.1,58,27.82,26
2024-10-03,16:11:01,27.6,27.1,27.1,27.1,27.6,26.7,58,27.3,27
2024-10-03,16:16:02,27.3,26.7,26.7,26.7,27.1,26.7,57,26.9,27
2024-10-03,16:19:04,27,26.7,26.7,26.2,26.7,26.3,57,26.66,28.2
2024-10-03,16:24:05,26.9,26.7,26.7,26.2,26.7,26.2,58,26.64,28.2
